Mouse,Generation,Sex,InitialWeight,FinalWeight,AST,ALT,ASTALTRatio,BUN,Glucose,NADH,NADP,NADPH,NADPNADPHRatio,LiverWeight,GSH,GSSG,TotalGSH,GSHGSSGRatio,2GSHGSSGRatio,EhGSSG2GSH,Steatosis,Ballooning,Fibrosis
1,30,M,NA,38.9,59,30,1.967,28.000,104.000,NA,NA,0.604,NA,1.788,46.189,0.441,47.071,104.688,209.376,-201.549,0,4,0
2,30,M,NA,46.6,89,43,2.070,23.000,153.000,3.066,NA,0.609,NA,1.922,60.649,0.526,61.701,115.305,230.610,-206.517,0,4,0
3,30,M,NA,39.9,197,NA,NA,26.000,120.000,NA,NA,0.642,NA,2.092,109.341,1.121,111.584,97.500,195.000,-212.193,0,4,0
4,30,M,NA,40.8,58,28,2.071,20.000,94.000,NA,NA,0.647,NA,1.485,83.233,0.710,84.653,117.201,234.403,-210.998,0,2,0
5,30,M,NA,45.2,39,23,1.696,21.000,98.000,NA,NA,0.766,NA,1.768,30.433,0.509,31.451,59.798,119.595,-188.393,0,3,0
6,30,M,NA,35.7,60,29,2.069,29.000,87.000,3.516,NA,0.374,NA,1.560,54.483,0.575,55.632,94.831,189.661,-202.441,0,0,1
7,30,M,NA,38,70,27,2.593,23.000,113.000,NA,NA,0.606,NA,1.844,43.243,0.451,44.145,95.786,191.572,-199.466,0,4,1
8,30,M,NA,36,53,39,1.359,21.000,72.000,NA,NA,0.649,NA,1.470,38.471,0.495,39.461,77.696,155.393,-195.073,0,2,0
9,30,M,NA,41.3,46,43,1.070,18.000,124.000,NA,NA,0.547,NA,1.999,44.490,0.646,45.782,68.878,137.755,-195.409,0,2,0
10,30,M,NA,40,55,42,1.310,22.000,79.000,NA,0.451,0.159,2.835,2.437,63.417,0.635,64.686,99.940,199.881,-205.192,0,3,0
11,30,M,NA,38.7,38,31,1.226,35.000,104.000,NA,NA,0.786,NA,1.949,97.954,1.313,100.580,74.610,149.220,-207.110,0,3,0
12,30,M,NA,47,55,30,1.833,24.000,147.000,NA,NA,0.608,NA,1.872,73.065,0.853,74.772,85.642,171.284,-205.020,0,4,0
13,30,M,NA,32.8,34,20,1.700,23.000,111.000,NA,NA,0.396,NA,1.571,37.024,0.485,37.995,76.275,152.550,-194.309,0,3,0
14,30,M,NA,48.4,97,28,3.464,20.000,107.000,NA,NA,0.501,NA,2.441,113.359,1.937,117.232,58.530,117.059,-205.809,0,4,1
15,30,M,NA,31.6,34,15,2.267,26.000,93.000,4.564,NA,0.720,NA,1.360,43.777,0.623,45.024,70.228,140.456,-195.453,0,1,1
16,30,M,NA,30.7,53,26,2.038,21.000,65.000,NA,0.552,0.436,1.267,1.255,56.383,1.139,58.661,49.507,99.013,-194.152,0,0,0
17,30,M,NA,48.1,52,33,1.576,19.000,69.000,NA,NA,0.777,NA,1.703,31.545,0.501,32.546,63.018,126.037,-189.582,0,2,0
18,30,M,NA,46.6,37,18,2.056,32.000,160.000,NA,NA,0.238,NA,2.160,64.133,1.388,66.909,46.196,92.391,-194.954,3,2,0
19,30,M,NA,47.5,53,32,1.656,25.000,95.000,3.906,0.924,0.516,1.792,1.655,94.550,0.997,96.544,94.805,189.611,-209.859,0,3,0
20,30,M,NA,35.2,56,28,2.000,20.000,125.000,2.838,0.575,0.424,1.356,1.508,40.377,0.517,41.411,78.071,156.141,-195.789,0,3,0
21,30,M,NA,38.5,51,26,1.962,23.000,120.000,3.009,0.829,0.433,1.914,1.919,41.869,0.429,42.728,97.550,195.101,-199.277,0,4,0
22,30,M,NA,51.9,132,52,2.538,34.000,104.000,3.531,0.334,0.670,0.499,2.091,100.066,2.059,104.184,48.607,97.215,-201.629,0,3,0
23,30,M,NA,51.5,58,41,1.415,24.000,152.000,2.732,0.460,0.456,1.007,3.162,71.729,1.098,73.924,65.348,130.695,-201.131,0,5,0
24,30,M,NA,38.3,100,40,2.500,26.000,132.000,2.523,0.463,0.223,2.082,1.773,80.849,0.918,82.685,88.041,176.081,-206.755,0,3,0
25,30,M,NA,37.1,56,39,1.436,22.000,92.000,1.954,0.801,0.276,2.906,1.724,61.530,0.734,62.999,83.788,167.576,-202.412,0,2,0
26,NA,NA,NA,NA,NA,NA,NA,NA,NA,NA,NA,NA,NA,NA,NA,NA,NA,NA,NA,NA,NA,NA,NA
27,30,M,NA,51.1,67,30,2.233,26.000,185.000,2.307,0.724,0.334,2.167,2.565,68.346,1.470,71.286,46.492,92.984,-195.897,0,4,0
28,30,M,NA,33.6,61,28,2.179,33.000,107.000,2.363,0.525,0.488,1.075,1.496,99.552,1.097,101.746,90.745,181.490,-209.964,0,4,0
29,30,M,NA,32.1,51,39,1.308,19.000,115.000,2.866,0.636,0.263,2.420,1.487,66.534,0.603,67.739,110.391,220.783,-207.177,0,3,0
30,30,M,NA,39,78,23,3.391,28.000,127.000,3.168,0.530,0.359,1.477,1.584,19.669,0.213,20.094,92.445,184.891,-188.381,0,1,0
31,30,M,NA,47.1,38,21,1.810,23.000,132.000,2.250,0.641,0.403,1.590,2.023,73.372,1.662,76.696,44.151,88.302,-196.157,0,4,0
32,30,M,NA,53.7,57,36,1.583,40.000,243.000,3.106,0.417,0.609,0.685,3.068,42.164,0.809,43.781,52.134,104.269,-190.936,2,3,0
33,30,M,NA,45.7,49,43,1.140,27.000,63.000,3.333,0.399,0.469,0.851,2.204,94.989,1.854,98.696,51.248,102.495,-201.640,1,4,0
34,30,M,NA,31.1,74,34,2.176,26.000,103.000,3.829,0.579,0.405,1.429,1.516,18.045,0.239,18.523,75.506,151.012,-184.496,1,0,0
35,30,M,NA,40.2,76,28,2.714,23.000,86.000,2.635,0.666,0.337,1.972,1.508,59.811,1.210,62.232,49.413,98.827,-194.921,1,2,0
36,30,M,NA,52,50,36,1.389,24.000,122.000,2.433,0.421,0.527,0.798,2.910,33.472,0.575,34.621,58.251,116.502,-189.321,3,3,0
37,NA,NA,NA,NA,NA,NA,NA,NA,NA,NA,NA,NA,NA,NA,NA,NA,NA,NA,NA,NA,NA,NA,NA
38,30,M,NA,26.8,57,35,1.629,37.000,108.000,2.255,0.814,0.333,2.445,1.091,9.843,0.170,10.183,57.836,115.673,-172.747,0,0,0
39,30,M,NA,46.3,35,21,1.667,24.000,216.000,1.409,0.502,0.295,1.701,2.422,52.436,0.632,53.700,82.948,165.895,-200.123,0,4,0
40,NA,NA,NA,NA,NA,NA,NA,NA,NA,NA,NA,NA,NA,NA,NA,NA,NA,NA,NA,NA,NA,NA,NA
41,30,M,NA,42.3,33,23,1.435,25.000,138.000,1.696,0.469,0.310,1.514,1.651,33.992,0.740,35.472,45.929,91.857,-186.329,0,1,0
42,30,M,NA,38.7,51,23,2.217,28.000,100.000,1.610,0.507,0.288,1.760,1.627,74.136,1.693,77.522,43.784,87.569,-196.184,0,3,0
43,NA,NA,NA,NA,NA,NA,NA,NA,NA,NA,NA,NA,NA,NA,NA,NA,NA,NA,NA,NA,NA,NA,NA
44,30,M,NA,44.8,42,24,1.750,21.000,162.000,1.927,0.551,0.230,2.392,2.363,41.694,0.674,43.043,61.841,123.683,-193.084,0,5,0
45,30,M,NA,48.6,34,19,1.789,26.000,142.000,0.653,0.401,0.271,1.484,3.111,57.554,0.595,58.744,96.683,193.366,-203.440,3,3,0
46,30,M,NA,38.2,43,23,1.870,32.000,96.000,1.960,0.548,0.236,2.320,1.369,39.251,1.018,41.288,38.543,77.085,-185.906,0,0,0
47,30,M,NA,35.1,96,31,3.097,35.000,83.000,1.407,0.435,0.401,1.087,1.665,58.810,0.982,60.774,59.864,119.729,-197.277,0,2,0
48,30,M,NA,48.3,39,22,1.773,32.000,111.000,1.554,0.429,0.354,1.213,2.591,67.772,1.141,70.053,59.407,118.815,-199.083,3,1,0
49,30,F,NA,22.9,50,18,2.778,29.000,78.000,1.581,0.794,0.151,5.245,1.000,65.096,0.754,66.603,86.383,172.765,-203.581,0,0,0
50,30,F,NA,31.7,41,18,2.278,19.000,66.000,1.968,0.736,0.182,4.050,1.427,66.203,1.440,69.083,45.984,91.967,-195.320,0,0,0
51,30,F,NA,41.5,49,19,2.579,17.000,111.000,2.011,0.782,0.121,6.444,1.096,38.048,0.325,38.697,117.133,234.267,-200.451,0,2,0
52,30,F,NA,28.6,191,37,5.162,23.000,86.000,1.628,0.647,0.267,2.423,1.160,43.485,0.551,44.586,78.973,157.946,-196.942,0,0,0
53,30,F,NA,39.8,42,31,1.355,18.000,66.000,0.953,0.717,0.107,6.710,1.521,47.974,0.664,49.301,72.288,144.576,-197.074,0,1,0
54,30,F,NA,32.1,162,30,5.400,22.000,88.000,1.172,0.628,0.113,5.572,1.428,78.195,1.321,80.838,59.179,118.357,-200.958,0,1,0
55,30,F,NA,44.4,60,34,1.765,24.000,94.000,1.551,0.621,0.104,5.993,1.869,58.039,1.022,60.082,56.816,113.631,-196.396,0,4,0
56,30,F,NA,40.8,181,27,6.704,24.000,71.000,1.017,0.731,0.120,6.075,1.409,41.333,0.480,42.292,86.180,172.360,-197.435,0,1,0
57,30,F,NA,44.1,58,29,2.000,25.000,86.000,0.986,0.694,0.350,1.984,1.524,54.147,0.597,55.340,90.721,181.443,-201.762,0,1,0
58,NA,NA,NA,NA,NA,NA,NA,NA,NA,NA,NA,NA,NA,NA,NA,NA,NA,NA,NA,NA,NA,NA,NA
59,30,F,NA,38.9,82,22,3.727,18.000,79.000,3.601,1.058,0.412,2.569,1.230,35.561,0.282,36.125,126.066,252.132,-200.531,0,4,0
60,30,F,NA,28.7,40,20,2.000,21.000,80.000,4.405,1.057,0.721,1.467,1.262,52.215,0.586,53.386,89.180,178.360,-201.042,0,1,0
61,30,F,NA,30.7,41,23,1.783,30.000,84.000,3.914,0.882,0.355,2.488,1.213,33.629,0.443,34.515,75.925,151.851,-192.952,0,3,0
62,30,F,NA,36.2,151,23,6.565,19.000,91.000,2.932,0.647,0.378,1.713,1.269,38.041,0.382,38.805,99.569,199.138,-198.262,3,3,0
63,30,F,NA,51.7,71,23,3.087,22.000,81.000,3.225,1.007,0.391,2.576,1.649,77.579,1.025,79.628,75.705,151.411,-204.167,1,3,0
64,30,F,NA,18.5,NA,NA,NA,NA,78.000,3.062,0.891,0.324,2.750,0.662,22.147,0.272,22.691,81.455,162.911,-188.275,0,0,0
65,30,F,NA,39,114,30,3.800,18.000,103.000,1.864,0.854,0.466,1.831,1.319,38.714,0.596,39.905,64.999,129.998,-192.756,0,2,0
66,30,F,NA,31.7,42,22,1.909,26.000,99.000,2.842,0.723,0.687,1.053,1.048,55.925,0.560,57.045,99.901,199.802,-203.494,0,4,0
67,30,F,NA,23.1,45,17,2.647,23.000,105.000,3.917,1.289,0.349,3.697,0.790,63.425,0.978,65.380,64.859,129.719,-199.373,0,0,0
68,30,F,NA,33,45,24,1.875,19.000,90.000,2.693,0.967,0.305,3.172,1.599,41.320,0.781,42.881,52.912,105.823,-190.863,0,3,0
69,30,F,NA,36,37,15,2.467,18.000,103.000,1.839,0.873,0.730,1.196,1.323,21.343,0.249,21.841,85.793,171.586,-188.476,1,3,0
70,30,F,NA,28.8,40,19,2.105,24.000,74.000,2.450,0.750,0.296,2.529,1.189,55.792,0.574,56.941,97.179,194.358,-203.091,0,1,0
71,30,F,NA,27.2,47,23,2.043,23.000,100.000,3.322,0.808,0.405,1.993,0.884,35.096,0.481,36.058,72.977,145.953,-192.994,0,2,0
72,30,F,NA,30.3,45,20,2.250,23.000,103.000,1.171,0.746,0.513,1.454,1.181,67.491,0.795,69.081,84.890,169.781,-203.833,0,3,0
73,30,F,NA,27.4,83,30,2.767,16.000,81.000,1.401,1.031,0.348,2.964,1.097,57.641,1.291,60.222,44.661,89.321,-193.062,0,3,0
74,30,F,NA,28.8,145,29,5.000,27.000,102.000,2.890,1.216,0.249,4.877,1.147,53.704,0.605,54.914,88.751,177.502,-201.355,0,4,0
75,30,F,NA,44.9,85,21,4.048,20.000,95.000,2.856,1.064,0.210,5.067,1.423,56.075,0.879,57.833,63.797,127.594,-197.492,0,1,0
76,30,F,NA,28.1,41,17,2.412,21.000,80.000,2.223,0.883,0.279,3.160,1.166,29.623,0.492,30.607,60.183,120.366,-188.116,0,1,0
77,30,F,NA,26.5,39,22,1.773,24.000,105.000,2.414,0.836,0.169,4.962,1.131,42.421,0.522,43.466,81.246,162.492,-196.991,0,3,0
78,30,F,NA,27.1,103,21,4.905,20.000,96.000,3.703,0.962,0.250,3.852,1.196,57.887,1.092,60.072,52.989,105.977,-195.422,0,4,0
79,30,F,NA,33.5,104,26,4.000,25.000,79.000,2.946,0.818,0.260,3.143,1.422,70.137,1.925,73.986,36.444,72.888,-192.967,0,4,0
80,30,F,NA,48.4,45,16,2.813,21.000,98.000,3.485,0.988,0.204,4.842,1.805,42.097,0.907,43.910,46.432,92.864,-189.355,0,4,0
81,30,F,NA,52.8,39,25,1.560,25.000,83.000,1.677,0.971,0.269,3.603,2.915,59.944,1.061,62.065,56.516,113.032,-196.759,2,4,0
82,30,F,NA,57.3,43,23,1.870,18.000,141.000,2.892,0.445,0.429,1.036,2.698,54.085,0.711,55.507,76.070,152.140,-199.375,2,4,0
83,30,F,NA,24.9,64,31,2.065,21.000,80.000,2.212,0.430,0.093,4.633,1.104,29.302,0.639,30.580,45.826,91.653,-184.300,0,1,0
84,30,F,NA,21.6,169,27,6.259,19.000,53.000,2.089,0.859,0.130,6.632,0.961,17.017,0.434,17.886,39.173,78.347,-174.872,NA,NA,0
85,30,F,NA,31.9,140,23,6.087,22.000,96.000,1.626,0.767,0.210,3.653,1.136,41.923,0.562,43.046,74.651,149.302,-195.692,0,2,0
86,30,F,NA,21.1,51,19,2.684,19.000,110.000,3.012,0.707,0.168,4.198,0.700,58.666,0.924,60.514,63.481,126.962,-198.034,0,0,0
87,30,F,NA,37.2,37,15,2.467,16.000,94.000,1.817,0.879,0.105,8.351,1.510,58.600,0.877,60.354,66.814,133.628,-198.708,0,4,0
88,30,F,NA,28,52,22,2.364,19.000,97.000,2.260,0.459,0.142,3.223,1.024,30.238,0.392,31.021,77.236,154.471,-191.751,0,3,0
89,30,F,NA,46.9,61,31,1.968,22.000,110.000,0.901,1.510,0.146,10.334,1.918,48.668,1.203,51.074,40.466,80.932,-189.456,0,3,0
90,30,F,NA,39,84,24,3.500,20.000,107.000,2.834,1.162,0.565,2.057,1.999,53.045,0.347,53.739,152.980,305.961,-208.520,0,4,0
91,30,F,NA,48.1,62,27,2.296,18.000,100.000,2.130,1.313,0.345,3.808,1.962,38.296,1.072,40.439,35.740,71.479,-184.557,0,4,0
92,30,F,NA,27.8,186,NA,NA,19.000,82.000,1.611,1.067,0.258,4.141,1.157,37.858,0.800,39.458,47.314,94.629,-188.180,0,2,0
93,30,F,NA,52.2,59,27,2.185,23.000,147.000,1.939,0.642,0.323,1.984,2.141,60.273,1.323,62.920,45.549,91.097,-193.929,1,4,0
94,30,F,NA,35.2,101,20,5.050,16.000,65.000,1.828,0.726,0.192,3.784,1.453,58.150,0.884,59.917,65.792,131.584,-198.396,0,4,0
95,30,F,NA,27.3,117,18,6.500,14.000,152.000,2.623,0.901,0.302,2.982,1.098,75.541,1.027,77.595,73.539,147.079,-203.418,0,3,0
96,30,F,NA,35.4,48,28,1.714,19.000,89.000,2.000,0.659,0.098,6.690,1.998,44.915,0.580,46.075,77.440,154.880,-197.114,0,5,0
97,30,F,NA,29.6,50,20,2.500,21.000,81.000,2.497,0.671,0.159,4.218,1.357,55.868,1.752,59.371,31.894,63.789,-188.109,0,3,0
98,30,F,NA,36.8,58,28,2.071,22.000,73.000,1.859,0.742,0.106,7.034,1.776,44.531,1.039,46.609,42.863,85.726,-189.035,0,3,0
99,32,M,27.9,37.8,64,29,2.207,21.000,98.000,3.520,0.422,0.180,2.343,1.651,40.565,0.498,41.560,81.486,162.971,-196.428,0,4,0
100,NA,NA,NA,NA,NA,NA,NA,NA,NA,NA,NA,NA,NA,NA,NA,NA,NA,NA,NA,NA,NA,NA,NA
101,32,M,31,48.2,NA,NA,NA,NA,120.000,4.412,0.412,0.178,2.316,2.083,61.663,0.763,63.188,80.865,161.729,-201.963,0,4,0
102,32,M,26,35.8,73,25,2.920,31.000,95.000,4.536,0.588,0.175,3.349,1.640,35.474,0.363,36.199,97.813,195.626,-197.081,0,4,0
103,32,M,33.3,35,46,22,2.091,34.000,147.000,3.898,0.510,0.189,2.692,1.849,32.535,0.344,33.222,94.704,189.408,-195.482,0,3,0
104,32,M,34.1,43.2,42,23,1.826,26.000,87.000,2.915,0.353,0.226,1.564,1.903,54.108,0.449,55.006,120.507,241.013,-205.574,0,5,0
105,32,M,32.1,34.5,83,21,3.952,19.000,96.000,4.275,0.330,0.100,3.300,1.739,48.125,0.354,48.832,136.008,272.017,-205.626,0,5,0
106,32,M,26,38.5,76,21,3.619,25.000,137.000,4.000,0.367,0.228,1.613,1.897,54.707,0.661,56.030,82.719,165.439,-200.657,0,4,0
107,32,M,30.9,51.7,80,40,2.000,36.000,96.000,3.739,0.290,0.128,2.257,2.466,43.249,0.626,44.501,69.123,138.246,-195.076,1,3,0
108,NA,NA,NA,NA,NA,NA,NA,NA,NA,NA,NA,NA,NA,NA,NA,NA,NA,NA,NA,NA,NA,NA,NA
109,32,M,30.5,42.3,212,42,5.048,23.000,93.000,4.141,0.255,0.198,1.287,1.903,82.234,0.538,83.310,152.937,305.873,-214.418,0,4,0
110,32,M,30.3,39.6,77,36,2.139,20.000,94.000,2.607,0.548,0.170,3.232,1.765,38.110,0.573,39.255,66.564,133.128,-192.865,0,2,0
111,32,M,26.7,43.5,61,23,2.652,26.000,108.000,3.012,0.219,0.245,0.895,1.765,70.993,0.723,72.440,98.148,196.296,-206.468,0,2,0
112,NA,NA,NA,NA,NA,NA,NA,NA,NA,NA,NA,NA,NA,NA,NA,NA,NA,NA,NA,NA,NA,NA,NA
113,32,M,34.6,51.5,56,40,1.400,25.000,241.000,2.902,0.313,0.149,2.099,2.686,61.031,0.570,62.171,107.040,214.080,-205.600,0,4,0
114,32,M,30.2,39,34,19,1.789,22.000,94.000,3.210,0.277,0.218,1.266,1.687,56.986,1.114,59.213,51.173,102.346,-194.741,0,2,0
115,32,M,30.6,38.6,36,19,1.895,23.000,93.000,3.084,0.422,0.150,2.819,1.419,34.880,0.358,35.597,97.347,194.694,-196.790,0,1,0
116,32,M,30.4,37.4,37,24,1.542,23.000,106.000,3.010,0.356,0.070,5.087,1.950,43.797,1.229,46.255,35.629,71.258,-186.322,2,2,0
117,32,M,36.8,64.5,35,24,1.458,24.000,103.000,2.785,0.343,0.087,3.942,3.032,41.446,0.696,42.838,59.580,119.160,-192.502,3,2,0
118,32,M,21.8,27.7,44,17,2.588,25.000,77.000,3.362,0.733,0.350,2.095,1.461,54.411,0.756,55.922,71.988,143.977,-198.713,0,4,0
119,32,M,27.5,46.9,NA,NA,NA,NA,124.000,2.881,0.520,0.242,2.149,2.510,88.263,1.658,91.580,53.226,106.451,-201.161,1,5,0
120,NA,NA,NA,NA,NA,NA,NA,NA,NA,NA,NA,NA,NA,NA,NA,NA,NA,NA,NA,NA,NA,NA,NA
121,32,M,26.8,39.8,68,23,2.957,21.000,108.000,4.979,0.780,0.344,2.269,1.471,39.004,0.359,39.721,108.685,217.371,-199.777,0,2,0
122,32,M,28.1,36.8,120,30,4.000,26.000,116.000,2.553,0.885,0.139,6.352,1.715,58.994,0.916,60.826,64.401,128.802,-198.303,0,2,0
123,32,M,31.1,36.7,93,30,3.100,33.000,80.000,3.338,0.629,0.215,2.932,1.712,65.420,0.774,66.967,84.537,169.074,-203.357,0,3,0
124,32,M,26,41.1,64,18,3.556,21.000,118.000,2.519,1.028,0.277,3.711,1.898,62.070,0.983,64.036,63.157,126.313,-198.724,0,3,0
125,32,M,28.4,43.8,70,31,2.258,24.000,109.000,3.789,0.850,0.457,1.858,1.499,56.214,0.584,57.382,96.244,192.487,-203.062,0,3,0
126,32,M,28.5,49,30,16,1.875,30.000,116.000,3.302,0.933,0.161,5.800,1.947,88.607,1.457,91.521,60.803,121.606,-203.005,1,4,0
127,32,M,29.6,45.6,39,23,1.696,27.000,112.000,3.684,0.727,0.287,2.528,2.247,37.275,0.584,38.444,63.784,127.567,-191.992,1,4,0
128,32,M,24,31.2,88,28,3.143,23.000,111.000,2.731,0.770,0.339,2.273,1.622,65.643,1.463,68.570,44.854,89.708,-194.871,0,3,0
129,32,M,33.3,50.5,62,35,1.771,27.000,101.000,3.483,0.835,0.301,2.777,2.381,58.592,0.624,59.840,93.864,187.727,-203.282,0,5,0
130,32,M,27.9,32.6,124,44,2.818,25.000,85.000,2.330,0.157,0.340,0.460,1.535,69.616,0.942,71.499,73.931,147.862,-202.390,0,1,0
131,32,M,41.9,54.2,37,16,2.313,29.000,93.000,4.784,0.921,0.347,2.655,2.730,34.452,0.292,35.035,118.009,236.019,-199.215,0,4,0
132,32,M,34.1,40.1,47,35,1.343,23.000,89.000,3.277,0.309,0.134,2.297,1.793,59.103,0.805,60.712,73.434,146.867,-200.094,0,3,0
133,32,M,31.6,40.3,59,40,1.475,24.000,93.000,3.387,0.666,0.274,2.433,1.693,52.550,0.637,53.824,82.479,164.958,-200.076,0,3,0
134,32,M,28,33.2,44,34,1.294,23.000,117.000,4.488,0.741,0.340,2.179,1.401,65.318,0.417,66.151,156.810,313.620,-211.655,0,2,0
135,32,M,31.7,51.3,36,24,1.500,35.000,110.000,3.957,0.503,0.346,1.454,2.220,52.914,0.752,54.418,70.369,140.738,-198.031,1,5,0
136,32,M,27.3,37.4,77,33,2.333,25.000,83.000,4.153,0.622,0.162,3.849,1.587,52.433,0.364,53.160,144.187,288.373,-207.566,0,1,0
137,32,M,32.7,39.5,45,38,1.184,22.000,104.000,3.946,1.167,0.416,2.807,2.100,67.826,0.564,68.955,120.168,240.337,-208.579,0,3,0
138,32,M,32.6,49.6,188,24,7.833,NA,99.000,5.008,1.007,0.595,1.693,2.351,NA,1.289,NA,NA,,,0,3,0
139,32,M,25.3,35.2,35,21,1.667,22.000,94.000,3.141,0.708,0.421,1.683,1.522,77.132,0.530,78.192,145.586,291.172,-212.893,0,4,0
140,32,M,23.1,27.9,69,21,3.286,27.000,100.000,3.326,0.812,0.322,2.521,1.649,51.130,0.348,51.826,146.931,293.862,-207.481,0,2,0
141,32,M,26.7,35.1,120,36,3.333,17.000,103.000,1.681,0.892,0.347,2.571,1.821,67.622,0.775,69.171,87.305,174.609,-204.237,0,4,0
142,32,M,25.7,34.3,82,38,2.158,14.000,95.000,2.899,0.996,0.254,3.923,1.875,43.232,0.694,44.620,62.292,124.584,-193.669,0,3,0
143,32,M,32.7,40.9,37,22,1.682,31.000,90.000,3.630,0.794,0.584,1.360,2.173,77.795,0.915,79.625,85.006,170.012,-205.764,0,3,0
144,32,M,24.4,43.9,127,22,5.773,24.000,120.000,3.438,0.661,0.614,1.076,2.151,56.232,0.755,57.741,74.522,149.043,-199.622,0,4,0
145,32,M,33,36.5,135,30,4.500,26.000,92.000,3.333,0.781,0.247,3.160,1.829,55.115,0.755,56.625,72.992,145.985,-199.073,0,2,0
146,32,M,30.4,32.4,49,19,2.579,24.000,88.000,4.315,0.774,0.239,3.241,1.334,38.114,0.225,38.563,169.761,339.522,-205.471,0,2,0
147,32,M,31.5,48,37,24,1.542,43.000,102.000,3.973,0.860,0.221,3.885,2.405,78.682,2.288,83.258,34.392,68.785,-193.734,1,4,0
148,32,M,26.3,31.3,66,25,2.640,22.000,113.000,2.179,0.778,0.182,4.280,1.551,42.728,0.348,43.424,122.759,245.519,-202.645,0,2,0
149,32,M,32.4,40.6,35,22,1.591,21.000,102.000,2.981,0.653,0.295,2.211,1.577,41.773,0.421,42.614,99.286,198.573,-199.483,0,1,0
150,32,M,23.7,29.5,50,30,1.667,24.000,92.000,3.489,0.609,0.329,1.848,1.432,77.036,0.809,78.654,95.217,190.435,-207.160,0,1,0
151,32,M,26.5,35.4,43,26,1.654,21.000,97.000,2.954,0.623,0.323,1.928,2.024,54.379,0.561,55.501,97.002,194.005,-202.721,0,4,0
152,32,M,35.3,47.9,27,22,1.227,24.000,87.000,3.646,0.613,0.549,1.117,2.158,59.979,0.866,61.711,69.230,138.460,-199.499,0,2,0
153,32,M,30.1,30.6,48,29,1.655,15.000,66.000,3.320,0.708,0.051,13.906,2.200,36.735,0.402,37.538,91.472,182.944,-196.649,0,0,0
154,32,M,37.7,61.5,101,31,3.258,21.000,113.000,2.496,0.589,0.382,1.539,2.510,84.067,0.847,85.761,99.264,198.529,-208.896,0,3,0
155,32,M,28.9,40.1,82,52,1.577,20.000,118.000,2.206,0.656,0.327,2.009,1.928,42.043,0.416,42.876,100.951,201.901,-199.794,0,4,0
156,32,M,38.3,44.9,51,25,2.040,31.000,73.000,4.282,2.006,0.467,4.295,1.833,73.523,0.720,74.963,102.144,204.288,-207.477,0,4,0
157,32,M,34.6,55.3,102,33,3.091,21.000,70.000,4.703,1.300,0.898,1.448,3.388,59.704,0.770,61.245,77.496,154.992,-200.956,5,1,0
158,32,M,42.2,58.2,38,32,1.188,21.000,257.000,3.909,1.417,0.561,2.525,3.214,64.529,0.662,65.853,97.430,194.860,-205.084,2,4,0
159,32,M,31.3,42.5,39,23,1.696,17.000,88.000,5.394,1.900,0.517,3.674,1.596,42.982,0.677,44.336,63.495,126.990,-193.849,0,5,0
160,32,M,32.6,49.4,41,31,1.323,22.000,132.000,3.131,1.414,NA,NA,2.472,59.287,0.602,60.491,98.513,197.026,-204.092,0,4,0
161,32,F,21.3,31.4,49,35,1.400,33.000,91.000,5.006,1.565,0.434,3.607,1.246,55.623,0.565,56.753,98.516,197.031,-203.234,0,4,0
162,32,F,28.3,46,134,33,4.061,27.000,105.000,3.784,1.570,0.355,4.424,1.876,59.890,0.815,61.520,73.503,147.006,-200.285,1,5,0
163,32,F,21.3,36,49,19,2.579,22.000,103.000,2.642,2.271,0.122,18.680,1.477,57.501,0.444,58.389,129.462,258.924,-207.358,0,2,0
164,32,F,32.3,59.2,51,26,1.962,25.000,87.000,5.149,1.549,0.421,3.682,2.350,40.543,0.500,41.543,81.059,162.119,-196.350,1,4,0
165,32,F,21,27,61,28,2.179,31.000,98.000,6.397,2.575,0.246,10.450,1.140,65.289,0.558,66.405,117.014,234.028,-207.707,0,3,0
166,32,F,28.7,46.2,43,25,1.720,29.000,97.000,4.550,2.103,0.197,10.686,1.595,29.872,0.282,30.435,106.014,212.028,-195.851,0,2,0
167,32,F,23.3,40.2,49,23,2.130,24.000,103.000,3.385,1.986,0.349,5.693,1.772,67.875,0.869,69.612,78.119,156.237,-202.790,0,5,0
168,32,F,22.7,25.4,50,21,2.381,23.000,100.000,3.081,1.388,0.656,2.118,0.965,43.617,0.323,44.263,134.892,269.784,-204.191,0,4,0
169,32,F,22.7,31.4,49,16,3.063,19.000,85.000,3.094,1.789,0.242,7.406,1.133,33.884,0.495,34.873,68.499,136.999,-191.668,0,3,0
170,32,F,23.5,29.2,69,21,3.286,29.000,110.000,5.010,2.386,0.366,6.525,1.285,48.991,0.780,50.550,62.844,125.689,-195.472,0,3,0
171,32,F,23.3,38.8,45,25,1.800,23.000,91.000,3.257,2.132,0.326,6.541,1.900,45.294,0.681,46.656,66.497,132.995,-195.176,0,5,0
172,32,F,26.6,39,49,23,2.130,30.000,80.000,3.091,1.865,0.205,9.091,1.382,35.796,0.615,37.025,58.210,116.420,-190.216,0,3,0
173,32,F,19.3,30.3,72,21,3.429,25.000,67.000,2.147,2.079,0.360,5.775,1.190,51.148,0.553,52.254,92.540,185.079,-201.262,0,1,0
174,32,F,29.7,40.9,45,24,1.875,27.000,100.000,4.265,1.470,0.116,12.649,1.573,54.028,1.672,57.373,32.304,64.608,-187.830,1,4,0
175,32,F,22.1,32.1,42,21,2.000,24.000,98.000,3.218,1.384,0.071,19.547,1.394,40.877,0.592,42.062,69.011,138.021,-194.294,0,4,0
176,32,F,21.3,33.5,75,29,2.586,27.000,93.000,3.293,0.942,0.236,3.996,1.593,43.273,0.675,44.624,64.063,128.127,-194.060,0,3,0
177,32,F,22.1,27.4,52,24,2.167,23.000,74.000,2.104,1.316,0.260,5.058,1.073,63.604,0.713,65.031,89.172,178.344,-203.697,0,4,0
178,32,F,18.1,25.6,41,17,2.412,20.000,129.000,4.503,0.880,0.463,1.899,1.078,66.380,0.661,67.702,100.373,200.747,-205.865,0,4,0
179,32,F,23.8,33.1,58,31,1.871,16.000,76.000,3.107,0.792,0.167,4.746,1.366,48.678,0.681,50.039,71.503,143.007,-197.123,0,4,0
180,32,F,22.4,34.7,39,17,2.294,20.000,102.000,3.074,0.895,0.171,5.219,1.337,55.553,1.040,57.634,53.392,106.785,-194.970,0,4,0
181,32,F,23.3,42.8,37,15,2.467,18.000,100.000,5.234,0.904,0.274,3.294,1.810,22.179,0.458,23.096,48.408,96.816,-181.289,0,4,0
182,32,F,26.3,49.3,104,26,4.000,20.000,114.000,3.928,0.668,0.305,2.190,2.362,61.091,0.684,62.460,89.296,178.591,-203.173,1,4,0
183,32,F,20.5,27.1,75,29,2.586,29.000,78.000,4.831,0.920,0.118,7.786,1.334,38.593,0.546,39.685,70.703,141.405,-193.846,0,3,0
184,32,F,27.1,47.9,42,20,2.100,29.000,91.000,6.933,0.780,0.190,4.097,1.568,46.445,0.790,48.025,58.794,117.589,-193.857,0,3,0
185,32,F,22.6,47.5,47,34,1.382,28.000,76.000,5.322,0.948,0.107,8.849,1.677,41.295,0.332,41.960,124.199,248.397,-202.342,0,3,0
186,32,F,26.3,49.4,57,41,1.390,26.000,138.000,5.536,0.538,0.376,1.429,2.322,38.685,0.472,39.629,81.883,163.765,-195.855,2,4,0
187,32,F,17.5,32.5,44,14,3.143,22.000,125.000,4.663,0.776,0.285,2.722,1.499,103.986,0.790,105.566,131.606,263.211,-215.556,0,4,0
188,32,F,20,24.9,39,18,2.167,26.000,92.000,5.028,0.767,0.197,3.888,0.934,43.736,0.585,44.906,74.777,149.555,-196.285,0,1,0
189,32,F,25.5,45.5,146,28,5.214,30.000,86.000,4.386,0.894,0.185,4.821,1.785,53.721,0.578,54.876,93.017,186.035,-201.992,2,4,0
190,32,F,20.4,39.7,111,25,4.440,27.000,122.000,6.133,0.814,0.250,3.249,1.203,38.101,0.511,39.124,74.524,149.048,-194.382,0,2,1
191,NA,NA,NA,NA,NA,NA,NA,NA,NA,NA,NA,NA,NA,NA,NA,NA,NA,NA,NA,NA,NA,NA,NA
192,32,F,19.7,34.3,34,17,2.000,17.000,100.000,1.581,1.091,0.062,17.539,1.572,51.069,0.288,51.646,177.181,354.362,-209.986,0,4,0
193,32,F,21.5,27.5,59,26,2.269,25.000,88.000,2.442,0.813,0.241,3.372,1.065,48.404,0.580,49.565,83.435,166.871,-199.125,0,2,1
194,32,F,31.4,60.6,51,25,2.040,23.000,125.000,2.884,0.983,0.375,2.624,2.293,46.726,0.420,47.565,111.349,222.698,-202.535,0,4,0
195,32,F,21.7,28.8,48,20,2.400,28.000,98.000,3.163,1.867,0.249,7.489,1.299,34.508,0.525,35.559,65.682,131.363,-191.348,0,2,0
196,32,F,27.4,42.3,37,23,1.609,25.000,113.000,3.151,0.886,0.166,5.354,1.650,65.850,0.525,66.900,125.492,250.984,-208.764,0,4,0
197,32,F,23.7,31.5,50,28,1.786,26.000,91.000,3.362,0.661,0.074,8.925,1.348,43.049,0.546,44.140,78.871,157.742,-196.789,0,2,0
198,32,F,24.8,36.7,34,16,2.125,18.000,97.000,5.082,0.590,0.241,2.449,1.343,53.834,0.808,55.449,66.641,133.283,-197.531,0,1,0
199,32,F,22.9,34.7,44,14,3.143,22.000,110.000,3.610,0.457,0.138,3.309,1.487,50.428,0.606,51.641,83.156,166.312,-199.631,0,4,0
200,32,F,18.8,29.2,54,24,2.250,24.000,88.000,4.112,0.857,0.206,4.151,1.002,54.852,0.745,56.342,73.668,147.336,-199.133,0,3,0
201,32,F,19.6,28.3,46,17,2.706,28.000,96.000,7.572,0.982,0.213,4.620,0.998,35.503,0.268,36.040,132.278,264.556,-201.156,0,4,0
202,32,F,25,34.2,233,49,4.755,25.000,98.000,6.247,0.632,0.141,4.479,1.357,60.380,0.794,61.968,76.028,152.055,-200.850,0,3,0
203,32,F,24.5,33.9,44,17,2.588,24.000,77.000,4.983,0.982,0.089,10.998,1.367,36.232,0.348,36.928,104.078,208.155,-198.202,0,2,0
204,32,F,26.3,41.4,51,23,2.217,22.000,99.000,3.056,0.725,0.145,5.006,1.757,55.042,1.341,57.724,41.043,82.086,-191.304,0,5,0
205,32,F,22.2,33.8,41,24,1.708,25.000,92.000,3.215,0.446,0.082,5.424,1.225,36.084,0.575,37.233,62.786,125.573,-191.343,0,2,0
206,32,F,19.3,27.5,46,24,1.917,24.000,83.000,4.171,0.642,0.019,33.067,1.001,53.802,0.541,54.884,99.446,198.891,-202.912,0,3,0
207,32,F,23.9,48.4,65,30,2.167,26.000,72.000,5.633,0.401,0.131,3.053,1.737,31.572,0.523,32.618,60.350,120.700,-189.011,0,3,0
208,32,F,22.7,32.4,70,31,2.258,28.000,82.000,5.016,0.576,0.071,8.079,1.650,55.098,0.694,56.486,79.400,158.800,-200.202,0,3,0
209,32,F,25.5,37.9,33,15,2.200,20.000,106.000,3.163,0.929,0.078,11.898,1.884,64.002,0.488,64.977,131.285,262.570,-208.989,0,4,0
210,32,F,19.5,22.8,58,20,2.900,48.000,89.000,3.040,1.336,0.031,42.501,0.935,55.141,0.878,56.898,62.782,125.564,-197.051,0,1,0
211,32,F,21.8,28.3,44,17,2.588,27.000,99.000,2.951,1.234,0.029,42.094,1.062,96.583,0.859,98.301,112.411,224.822,-212.439,0,3,0
212,32,F,22.6,28.3,125,24,5.208,17.000,105.000,3.995,1.073,0.073,14.606,1.109,61.955,0.942,63.838,65.780,131.560,-199.247,0,2,0
213,32,F,24.3,49.4,50,21,2.381,17.000,91.000,4.639,1.113,0.301,3.694,1.563,67.464,0.933,69.329,72.347,144.694,-201.675,0,3,0
214,32,F,21.9,38.7,47,27,1.741,22.000,77.000,3.769,1.062,0.069,15.330,1.302,39.903,0.274,40.451,145.509,291.019,-204.013,0,2,0
215,32,F,27.8,40.4,49,36,1.361,24.000,97.000,2.659,0.820,0.081,10.089,1.391,59.790,0.866,61.523,69.012,138.024,-199.414,1,4,0
216,32,F,23.8,40.6,170,29,5.862,24.000,95.000,3.807,1.005,0.151,6.643,1.995,57.831,0.720,59.272,80.296,160.591,-201.004,0,4,0
217,32,F,25.4,35.6,57,29,1.966,26.000,102.000,4.582,0.999,0.202,4.955,1.188,43.658,0.490,44.637,89.139,178.277,-198.626,0,4,0
218,32,F,18.9,26.8,54,20,2.700,22.000,84.000,3.643,1.051,0.068,15.395,1.167,44.523,0.389,45.301,114.409,228.817,-202.250,0,3,0
219,32,F,18.7,31.1,118,26,4.538,27.000,51.000,3.591,0.997,0.202,4.943,1.100,53.590,0.681,54.951,78.745,157.490,-199.716,0,2,0
220,32,F,22.7,36.7,45,25,1.800,27.000,75.000,4.529,0.953,0.097,9.872,1.490,49.146,0.618,50.382,79.498,158.997,-198.679,1,4,0
221,35,M,25.5,41.3,51,19,2.684,NA,85.000,1.365,0.928,0.254,3.655,1.595,22.848,0.226,23.301,101.011,202.023,-191.592,0,3,0
222,35,M,30.6,52.8,29,18,1.611,NA,118.000,2.388,1.092,0.365,2.991,2.129,33.624,0.437,34.498,76.926,153.852,-193.126,0,4,0
223,35,M,26.1,33.7,45,29,1.552,26.000,102.000,1.872,1.048,0.405,2.588,1.625,34.073,0.551,35.175,61.836,123.672,-190.365,0,4,0
224,35,M,31.6,42.7,45,26,1.731,NA,103.000,3.269,1.243,0.340,3.661,2.025,55.034,0.794,56.621,69.333,138.667,-198.361,1,5,0
225,35,M,26.5,36,84,22,3.818,32.000,95.000,2.223,1.221,0.111,10.987,1.348,41.679,0.448,42.575,93.065,186.130,-198.582,0,2,0
226,35,M,27.6,32.1,52,28,1.857,NA,82.000,1.853,1.034,0.432,2.395,1.245,29.607,0.368,30.343,80.415,160.830,-192.011,0,3,0
227,35,M,28.6,46.8,42,23,1.826,27.000,107.000,3.367,0.920,0.508,1.811,2.379,31.405,0.588,32.581,53.406,106.811,-187.294,0,4,0
228,35,M,29.6,47.6,43,26,1.654,36.000,112.000,2.006,0.836,0.241,3.473,2.250,51.874,0.648,53.169,80.106,160.212,-199.509,0,3,0
229,35,M,32,49.8,38,23,1.652,23.000,92.000,0.983,0.936,0.262,3.574,2.038,19.938,0.357,20.651,55.922,111.845,-181.797,0,2,0
230,35,M,30.2,45.1,35,19,1.842,28.000,96.000,1.542,1.280,0.258,4.965,1.829,46.674,0.588,47.851,79.320,158.639,-197.954,0,3,0
231,35,M,33.4,45.2,38,27,1.407,26.000,120.000,1.459,0.796,0.358,2.222,1.994,29.083,0.343,29.769,84.761,169.522,-192.479,0,4,0
232,35,M,32.7,45.8,33,23,1.435,29.000,103.000,2.231,1.061,0.177,5.986,2.127,22.039,0.431,22.901,51.102,102.204,-181.932,1,4,0
233,35,M,34.9,54.5,37,22,1.682,36.000,367.000,2.062,0.946,0.220,4.295,3.720,48.495,0.543,49.581,89.308,178.616,-200.066,0,4,0
234,NA,NA,NA,NA,NA,NA,NA,NA,NA,NA,NA,NA,NA,NA,NA,NA,NA,NA,NA,NA,NA,NA,NA
235,35,M,31,45.9,38,23,1.652,27.000,118.000,1.640,0.836,0.234,3.574,2.321,45.903,0.666,47.235,68.935,137.870,-195.841,0,4,0
236,NA,NA,NA,NA,NA,NA,NA,NA,NA,NA,NA,NA,NA,NA,NA,NA,NA,NA,NA,NA,NA,NA,NA
237,35,M,32.7,35.5,33,17,1.941,24.000,120.000,1.055,1.043,0.206,5.069,1.736,46.832,0.630,48.091,74.378,148.756,-197.133,0,2,0
238,35,M,33.8,46.5,44,27,1.630,25.000,96.000,0.783,1.334,0.189,7.049,1.864,28.389,0.283,28.954,100.396,200.791,-194.433,0,3,0
239,35,M,29.6,37.4,41,18,2.278,23.000,92.000,1.046,0.881,0.088,9.967,1.691,40.083,0.491,41.066,81.582,163.163,-196.283,0,2,0
240,35,M,33.4,50.4,45,30,1.500,24.000,118.000,1.245,1.163,0.109,10.641,2.002,42.521,0.719,43.959,59.148,118.296,-192.749,0,2,0
241,35,M,30.2,33.9,44,21,2.095,27.000,67.000,0.658,0.957,0.440,2.176,1.514,32.713,0.581,33.876,56.269,112.539,-188.547,0,3,0
242,35,M,36,40.6,29,15,1.933,15.000,103.000,1.416,0.822,0.401,2.053,2.208,13.477,0.153,13.784,87.819,175.638,-182.601,0,3,0
243,35,M,40.7,54.7,137,31,4.419,22.000,330.000,1.547,0.610,0.288,2.120,3.415,23.411,0.309,24.029,75.797,151.595,-188.053,0,3,0
244,35,M,34.8,57.4,36,16,2.250,18.000,97.000,1.428,0.932,0.097,9.603,2.661,26.854,0.352,27.557,76.342,152.683,-189.997,1,3,0
245,35,M,33,50.5,45,33,1.364,24.000,101.000,1.368,1.072,0.055,19.564,2.083,42.735,0.619,43.974,68.999,137.999,-194.890,0,3,0
246,35,M,32.6,43.2,41,32,1.281,27.000,149.000,1.594,1.001,0.139,7.175,1.949,31.367,0.389,32.146,80.531,161.062,-192.807,0,3,0
247,35,M,27.6,48.7,63,25,2.520,24.000,115.000,0.959,1.243,0.294,4.236,1.951,34.295,0.483,35.261,71.009,142.018,-192.315,0,4,0
248,35,M,30.5,50.7,48,31,1.548,34.000,331.000,1.059,1.518,0.125,12.182,2.713,37.326,0.500,38.327,74.616,149.231,-194.122,0,3,0
249,35,M,46.6,64.8,27,24,1.125,21.000,161.000,1.429,1.523,0.250,6.081,3.625,41.394,0.634,42.662,65.295,130.591,-193.718,0,5,0
250,35,M,36.1,51,43,24,1.792,16.000,84.000,0.831,1.590,0.108,14.752,1.821,42.903,0.608,44.119,70.547,141.094,-195.242,0,2,0
251,35,M,29.4,41.2,50,40,1.250,22.000,92.000,3.241,1.169,0.162,7.194,1.767,38.872,0.622,40.116,62.492,124.984,-192.281,0,2,0
252,35,M,27.9,35.7,42,24,1.750,25.000,89.000,1.401,0.895,0.026,34.344,1.453,36.072,0.636,37.345,56.672,113.345,-189.959,0,0,0
253,35,M,29.3,50.3,41,24,1.708,22.000,108.000,2.584,1.241,0.226,5.480,2.302,30.200,0.386,30.973,78.163,156.325,-191.895,0,4,0
254,35,M,29.9,47.3,34,19,1.789,24.000,79.000,0.995,1.420,0.222,6.412,1.543,18.345,0.338,19.020,54.343,108.685,-180.290,0,3,0
255,35,M,35,52.6,59,28,2.107,23.000,131.000,3.816,0.471,0.228,2.070,2.311,20.653,0.250,21.153,82.664,165.328,-187.533,0,3,0
256,35,M,32.2,47.3,45,23,1.957,21.000,99.000,0.293,1.603,0.137,11.664,1.930,10.775,0.314,11.402,34.344,68.687,-166.948,1,1,0
257,35,M,33.5,52.5,41,29,1.414,29.000,174.000,1.219,0.506,0.473,1.071,1.849,38.161,0.850,39.860,44.917,89.833,-187.587,0,4,0
258,35,M,34.3,51.7,35,20,1.750,18.000,152.000,3.164,0.731,0.415,1.759,2.127,41.641,0.671,42.982,62.068,124.137,-193.116,0,5,0
259,35,M,27.5,32.9,53,21,2.524,21.000,164.000,3.990,0.546,0.388,1.407,1.457,23.830,0.214,24.258,111.251,222.503,-193.458,0,2,0
260,35,M,23.6,33,30,18,1.667,21.000,166.000,2.902,0.731,0.402,1.821,1.399,36.272,0.477,37.227,75.995,151.990,-193.983,0,4,0
261,35,M,26,36.1,43,28,1.536,27.000,86.000,1.302,0.881,0.282,3.127,1.702,60.020,1.636,63.291,36.694,73.387,-190.961,0,3,0
262,35,M,31.9,44,40,24,1.667,16.000,137.000,2.758,0.732,0.267,2.746,1.744,34.195,0.819,35.833,41.761,83.523,-185.129,0,4,1
263,35,M,29.1,43.4,38,24,1.583,30.000,274.000,2.064,0.600,0.295,2.037,2.228,38.473,0.471,39.415,81.720,163.440,-195.754,0,5,0
264,35,M,29.4,51.4,38,22,1.727,NA,110.000,2.544,0.713,0.152,4.691,2.143,55.099,0.528,56.155,104.411,208.821,-203.889,0,4,0
265,35,M,29.7,52.6,44,27,1.630,18.000,130.000,2.626,0.675,0.419,1.610,1.824,43.370,0.517,44.404,83.880,167.760,-197.718,0,4,0
266,35,M,34.1,42.2,48,21,2.286,24.000,119.000,1.869,1.044,0.231,4.511,1.972,44.100,1.152,46.404,38.288,76.577,-187.385,0,5,0
267,35,M,32,47.5,41,19,2.158,23.000,128.000,2.874,0.712,0.379,1.878,2.278,22.193,0.317,22.826,70.117,140.235,-186.285,0,2,0
268,35,M,31.1,42,52,60,0.867,14.000,85.000,1.429,0.797,0.242,3.292,2.325,22.644,0.248,23.139,91.449,182.897,-190.132,0,1,0
269,35,M,27.2,41.4,45,29,1.552,20.000,123.000,1.507,0.680,0.350,1.944,1.560,47.366,0.502,48.371,94.272,188.544,-200.477,0,4,0
270,35,M,27.7,36.1,53,27,1.963,22.000,132.000,2.233,0.752,0.412,1.828,1.503,24.326,0.265,24.855,91.899,183.797,-191.163,0,2,0
271,35,M,21.8,29.3,36,19,1.895,22.000,99.000,2.344,0.843,0.240,3.508,1.309,16.901,0.219,17.339,77.276,154.552,-183.927,0,3,0
272,35,M,28.6,38.4,34,20,1.700,23.000,78.000,3.243,0.822,0.295,2.790,1.605,27.457,0.321,28.099,85.449,170.899,-191.813,0,0,0
273,35,M,38.9,55.2,50,33,1.515,21.000,301.000,2.835,1.192,0.286,4.166,2.745,35.021,0.577,36.174,60.722,121.444,-190.490,1,4,0
274,35,M,29.2,41.4,40,36,1.111,25.000,372.000,1.517,0.749,0.144,5.188,2.262,46.844,0.473,47.789,99.106,198.213,-201.001,3,4,0
275,35,M,32.5,49.5,37,20,1.850,28.000,130.000,2.045,1.135,0.454,2.497,1.665,30.586,0.248,31.081,123.569,247.139,-198.232,0,4,0
276,35,M,28,44.2,53,34,1.559,23.000,86.000,1.967,0.810,0.236,3.435,1.813,30.411,0.467,31.345,65.165,130.330,-189.540,0,2,0
277,35,M,26.5,44.7,37,22,1.682,23.000,128.000,2.919,0.537,0.367,1.463,1.518,45.681,0.807,47.295,56.606,113.211,-193.122,0,4,0
278,35,M,32.5,56.5,39,26,1.500,24.000,205.000,1.830,0.491,0.573,0.857,2.395,48.520,0.652,49.825,74.381,148.762,-197.611,0,5,0
279,35,M,27.7,42.3,47,24,1.958,20.000,100.000,2.006,0.890,0.302,2.945,2.103,29.960,0.348,30.657,86.033,172.065,-193.079,0,3,0
280,NA,NA,NA,NA,NA,NA,NA,NA,NA,NA,NA,NA,NA,NA,NA,NA,NA,NA,NA,NA,NA,NA,NA
281,35,M,28.3,35.1,52,29,1.793,23.000,95.000,1.028,0.864,0.229,3.766,1.747,26.696,0.314,27.325,84.942,169.884,-191.355,0,3,0
282,35,M,32,40.9,52,17,3.059,17.000,76.000,2.856,0.534,0.253,2.112,1.869,24.812,0.416,25.643,59.712,119.425,-185.624,0,3,0
283,35,M,29.5,42.8,48,35,1.371,25.000,96.000,3.926,0.693,0.520,1.332,2.267,34.988,0.767,36.522,45.624,91.248,-186.628,0,4,0
284,35,M,28.1,36.2,38,31,1.226,28.000,97.000,3.249,0.715,0.224,3.190,1.727,27.972,0.494,28.960,56.648,113.296,-186.529,0,4,0
285,35,M,36.3,46.2,41,23,1.783,17.000,111.000,2.123,0.543,0.237,2.290,2.517,59.300,0.833,60.965,71.203,142.407,-199.724,0,3,0
286,35,M,31.5,39.6,33,20,1.650,21.000,97.000,3.118,0.727,0.223,3.263,1.704,25.433,0.451,26.335,56.390,112.779,-185.187,0,2,0
287,NA,NA,NA,NA,NA,NA,NA,NA,NA,NA,NA,NA,NA,NA,NA,NA,NA,NA,NA,NA,NA,NA,NA
288,35,M,37.7,46.2,50,29,1.724,29.000,106.000,1.472,0.574,0.206,2.788,2.355,23.424,0.440,24.305,53.211,106.422,-183.298,0,3,1
289,35,M,28.3,50.3,48,28,1.714,17.000,169.000,5.230,0.502,0.481,1.043,3.113,37.092,0.375,37.842,98.964,197.928,-197.839,0,4,0
290,NA,NA,NA,NA,NA,NA,NA,NA,NA,NA,NA,NA,NA,NA,NA,NA,NA,NA,NA,NA,NA,NA,NA
291,35,M,37,60,54,30,1.800,26.000,352.000,2.278,1.081,0.368,2.940,3.713,29.498,0.565,30.629,52.165,104.330,-186.134,2,4,0
292,35,M,33.9,44.1,43,33,1.303,20.000,94.000,2.851,0.444,0.233,1.909,1.917,20.620,0.460,21.540,44.824,89.648,-179.272,0,3,0
293,35,M,20.9,25.7,43,25,1.720,18.000,111.000,2.383,0.573,0.327,1.751,1.170,41.094,0.693,42.479,59.323,118.645,-192.329,0,3,0
294,35,M,33.1,43.8,47,20,2.350,19.000,130.000,4.598,0.433,0.558,0.777,1.430,32.322,0.436,33.193,74.201,148.401,-192.109,0,3,0
295,35,M,35.2,58.1,36,31,1.161,27.000,309.000,3.301,0.445,0.277,1.603,2.679,19.883,0.255,20.394,77.857,155.713,-186.215,0,4,0
296,35,F,21.2,33.6,49,22,2.227,22.000,79.000,3.110,1.793,0.021,85.968,1.391,43.120,0.683,44.487,63.120,126.239,-193.812,2,2,0
297,35,F,24.4,35.3,37,17,2.176,22.000,110.000,3.482,1.401,0.262,5.348,1.921,33.782,0.435,34.651,77.717,155.433,-193.327,1,4,0
298,35,F,19.7,29.4,63,23,2.739,24.000,65.000,1.567,1.893,NA,NA,1.108,20.079,0.213,20.505,94.380,188.760,-188.938,0,1,0
299,35,F,22.1,35.5,51,26,1.962,21.000,100.000,3.397,1.173,0.076,15.389,1.310,28.855,0.340,29.535,84.883,169.766,-192.392,1,3,0
300,35,F,19.8,33.9,43,19,2.263,24.000,105.000,1.876,0.997,0.141,7.058,1.100,27.106,0.212,27.530,128.107,256.214,-197.092,1,3,1
301,35,F,21.8,35,48,22,2.182,26.000,85.000,1.769,1.438,0.213,6.765,1.651,35.751,0.482,36.714,74.213,148.427,-193.469,0,5,0
302,35,F,23.9,40.1,44,23,1.913,28.000,99.000,6.717,1.729,0.203,8.513,1.509,16.370,0.276,16.922,59.304,118.609,-179.933,0,3,0
303,35,F,23.4,35.2,51,21,2.429,21.000,119.000,2.325,1.117,0.343,3.257,1.325,28.888,0.361,29.610,79.956,159.912,-191.602,0,3,0
304,35,F,25.1,45.3,NA,23,NA,25.000,100.000,2.512,1.442,0.100,14.366,1.341,22.066,0.295,22.656,74.809,149.619,-187.080,0,4,0
305,35,F,23.5,36.7,49,18,2.722,20.000,95.000,1.840,1.256,0.164,7.658,1.425,20.325,0.310,20.945,65.554,131.108,-184.195,1,3,0
306,35,F,24,32.1,54,35,1.543,29.000,100.000,2.114,1.021,0.018,56.245,1.369,18.048,0.281,18.610,64.198,128.395,-182.314,0,3,0
307,NA,NA,NA,NA,NA,NA,NA,NA,NA,NA,NA,NA,NA,NA,NA,NA,NA,NA,NA,NA,NA,NA,NA
308,35,F,25.4,30.9,50,27,1.852,20.000,93.000,2.105,2.424,NA,NA,1.589,40.335,0.477,41.289,84.581,169.163,-196.854,0,2,2
309,35,F,19.7,30.1,61,27,2.259,24.000,97.000,1.963,1.677,NA,NA,1.155,19.840,0.287,20.413,69.230,138.461,-184.605,0,3,0
310,35,F,20.6,23.2,46,19,2.421,21.000,91.000,2.791,2.066,NA,NA,0.901,25.485,0.326,26.137,78.230,156.459,-189.621,0,1,0
311,35,F,22,29.7,55,27,2.037,22.000,106.000,3.663,1.976,0.045,43.548,1.300,21.751,0.335,22.422,64.872,129.743,-184.968,0,3,0
312,35,F,21.9,35.2,40,20,2.000,23.000,82.000,2.753,1.728,NA,NA,1.306,15.925,0.268,16.462,59.317,118.634,-179.565,1,3,1
313,35,F,26.1,45,50,33,1.515,29.000,77.000,2.091,1.735,0.011,161.363,1.688,30.725,0.501,31.726,61.357,122.715,-188.868,1,3,0
314,35,F,22.2,27.4,42,20,2.100,22.000,105.000,0.790,1.422,0.034,42.078,1.263,17.862,0.432,18.725,41.368,82.736,-176.258,0,3,0
315,35,F,23.8,42.7,56,25,2.240,23.000,83.000,2.431,1.625,0.040,41.126,1.427,24.730,0.299,25.328,82.645,165.290,-189.955,0,4,0
316,35,F,24.4,39.2,44,25,1.760,22.000,84.000,1.903,1.930,0.095,20.374,1.634,35.999,0.601,37.202,59.862,119.724,-190.669,0,4,0
317,35,F,25.9,44.8,65,43,1.512,21.000,91.000,1.860,2.261,0.027,83.817,1.881,22.289,0.432,23.154,51.561,103.122,-182.205,0,2,0
318,35,F,26.7,47.8,37,17,2.176,22.000,74.000,1.613,2.007,0.016,126.880,1.645,42.059,0.582,43.224,72.233,144.466,-195.292,0,5,0
319,35,F,22.7,42.7,47,30,1.567,27.000,120.000,0.304,1.612,0.034,46.997,2.112,33.310,0.420,34.151,79.254,158.507,-193.401,0,4,0
320,35,F,28.3,43.4,41,21,1.952,22.000,103.000,1.586,1.744,0.043,40.932,1.272,25.803,0.216,26.235,119.406,238.811,-195.481,0,3,0
321,35,F,26.1,51.2,56,39,1.436,27.000,142.000,2.231,1.518,0.049,31.273,2.361,36.225,0.524,37.272,69.173,138.346,-192.699,0,4,0
322,35,F,28.5,49.3,45,26,1.731,24.000,114.000,2.807,1.298,0.036,36.534,1.676,23.310,0.424,24.158,54.968,109.937,-183.669,1,3,0
323,35,F,23.1,37.6,52,17,3.059,20.000,95.000,1.554,1.519,0.016,96.059,1.356,20.950,0.247,21.443,84.843,169.686,-188.075,0,2,0
324,35,F,25,41.1,31,16,1.938,24.000,98.000,1.266,1.856,0.023,80.082,1.144,38.992,0.455,39.901,85.769,171.537,-196.585,0,2,0
325,35,F,25.9,42.9,52,37,1.405,26.000,68.000,1.392,1.877,0.131,14.376,1.625,32.633,0.486,33.606,67.085,134.170,-190.881,1,4,0
326,35,F,24.6,35.9,36,23,1.565,20.000,142.000,0.512,1.742,0.020,85.645,2.226,41.871,0.536,42.943,78.052,156.104,-196.275,0,3,0
327,NA,NA,NA,NA,NA,NA,NA,NA,NA,NA,NA,NA,NA,NA,NA,NA,NA,NA,NA,NA,NA,NA,NA
328,35,F,19.4,33.9,45,22,2.045,24.000,85.000,0.754,1.400,NA,NA,1.264,13.934,0.211,14.356,65.981,131.961,-179.200,0,3,0
329,35,F,23.5,34.9,36,20,1.800,17.000,115.000,0.774,1.921,NA,NA,1.123,21.872,0.280,22.431,78.226,156.452,-187.562,0,2,0
330,35,F,29.5,43.3,46,32,1.438,20.000,96.000,2.678,1.791,0.148,12.126,2.001,27.208,0.370,27.948,73.505,147.011,-189.663,0,3,1
331,35,F,18.7,28.5,82,23,3.565,17.000,99.000,1.950,1.128,0.093,12.189,1.381,34.974,0.332,35.638,105.349,210.698,-197.890,0,4,0
332,35,F,24.4,43.8,42,22,1.909,22.000,90.000,2.851,1.266,0.156,8.123,1.688,32.639,0.283,33.206,115.300,230.601,-198.175,1,4,0
333,35,F,23.6,30.1,44,22,2.000,16.000,107.000,1.716,1.213,0.151,8.045,1.420,16.008,0.262,16.531,61.173,122.345,-180.050,0,4,0
334,35,F,25.2,30.4,49,21,2.333,19.000,82.000,1.255,1.408,NA,NA,1.620,24.424,0.428,25.280,57.068,114.136,-184.802,1,3,0
335,35,F,24.4,46.9,39,23,1.696,20.000,110.000,1.710,1.208,0.116,10.430,1.418,22.570,0.310,23.190,72.848,145.696,-187.026,0,3,0
336,35,F,24.2,34,46,19,2.421,20.000,84.000,1.444,0.602,0.160,3.759,1.449,29.852,0.392,30.637,76.072,152.145,-191.374,0,3,0
337,35,F,24.6,30.8,119,30,3.967,25.000,89.000,1.544,1.341,0.106,12.626,1.258,30.424,0.212,30.849,143.239,286.479,-200.150,0,3,0
338,35,F,23.1,38.3,58,56,1.036,27.000,94.000,1.028,1.189,0.092,12.995,1.777,38.306,0.493,39.292,77.758,155.516,-195.026,0,3,1
339,35,F,24.4,41.7,50,20,2.500,26.000,84.000,1.648,1.240,NA,NA,1.510,11.532,0.140,11.813,82.210,164.419,-179.614,0,4,1
340,35,F,19.3,24.4,67,28,2.393,24.000,83.000,1.920,1.360,0.105,12.939,1.183,49.800,0.640,51.081,77.768,155.536,-198.561,0,2,0
341,35,F,24.5,36.3,50,21,2.381,33.000,82.000,1.704,0.926,0.214,4.317,1.915,21.391,0.269,21.928,79.622,159.244,-187.501,0,4,0
342,35,F,19.5,38.2,50,24,2.083,27.000,97.000,1.616,1.039,0.126,8.256,1.405,40.587,0.492,41.571,82.517,165.035,-196.605,0,3,0
343,35,F,36.6,54.3,42,24,1.750,18.000,84.000,2.465,1.666,0.106,15.775,2.671,34.281,0.479,35.239,71.624,143.247,-192.425,0,4,0
344,35,F,24.1,39.2,66,33,2.000,21.000,125.000,1.887,1.379,0.104,13.232,1.547,24.942,0.369,25.681,67.552,135.104,-187.356,0,3,0
345,35,F,23.3,34.4,45,19,2.368,21.000,108.000,1.686,1.049,0.094,11.180,1.556,30.013,0.525,31.062,57.187,114.373,-187.605,0,4,0
346,35,F,27.2,46.2,39,24,1.625,25.000,85.000,1.169,1.142,0.090,12.705,2.355,22.108,0.379,22.866,58.320,116.639,-183.753,0,4,0
347,35,F,21.3,34.7,50,22,2.273,20.000,105.000,1.077,1.033,0.061,16.870,1.420,27.955,0.510,28.976,54.781,109.562,-186.070,1,3,1
348,35,F,32,38.6,43,22,1.955,20.000,88.000,2.367,1.076,0.235,4.584,1.804,20.041,0.286,20.613,70.073,140.146,-184.903,0,3,0
349,35,F,24.2,46.2,44,20,2.200,24.000,92.000,3.063,1.288,0.012,110.527,1.542,18.252,0.283,18.818,64.511,129.023,-182.531,0,4,0
350,35,F,24.7,44,39,20,1.950,22.000,85.000,4.322,1.215,0.088,13.879,1.440,34.736,0.715,36.167,48.552,97.104,-187.369,0,4,0
351,35,F,23.7,33.4,40,22,1.818,18.000,100.000,2.506,1.471,NA,NA,1.351,29.084,0.392,29.868,74.137,148.274,-190.676,0,3,1
352,35,F,24.6,40.8,56,28,2.000,21.000,84.000,2.123,1.240,0.111,11.175,1.765,31.956,0.471,32.898,67.879,135.758,-190.757,3,4,0
353,35,F,20.8,26.2,58,29,2.000,22.000,79.000,3.141,1.441,0.014,106.043,1.132,17.101,0.185,17.471,92.350,184.700,-186.484,0,1,0
354,35,F,28,47,28,14,2.000,22.000,118.000,3.338,1.386,0.094,14.691,1.455,28.043,0.660,29.363,42.476,84.953,-182.687,0,4,1
355,35,F,23,37.1,56,25,2.240,21.000,80.000,2.396,1.314,0.022,58.830,1.572,20.388,0.333,21.054,61.228,122.455,-183.318,0,3,0
356,35,F,24.5,30,47,21,2.238,21.000,95.000,2.239,1.326,NA,NA,1.350,30.390,0.416,31.221,73.139,146.277,-191.085,0,3,0
357,35,F,26.9,52.8,43,26,1.654,24.000,107.000,3.422,1.451,0.023,63.767,1.884,42.018,0.601,43.221,69.882,139.765,-194.834,1,4,0
358,35,F,18.7,24.2,70,42,1.667,19.000,75.000,1.565,1.526,0.026,58.677,1.147,24.258,0.323,24.904,75.057,150.114,-188.400,0,3,0
359,35,F,22.2,39.1,49,25,1.960,25.000,101.000,2.298,1.603,0.044,36.595,1.753,30.199,0.207,30.612,146.051,292.101,-200.311,0,4,0
360,NA,NA,NA,NA,NA,NA,NA,NA,NA,NA,NA,NA,NA,NA,NA,NA,NA,NA,NA,NA,NA,NA,NA
361,35,F,19,27.1,70,31,2.258,26.000,102.000,3.338,1.451,0.029,50.363,1.124,24.940,0.492,25.924,50.694,101.389,-183.489,0,4,0
362,35,F,25.5,49.5,45,33,1.364,20.000,117.000,2.940,1.175,0.244,4.824,1.911,29.422,0.517,30.456,56.902,113.803,-187.270,1,4,0
363,35,F,24.7,34.2,57,19,3.000,18.000,112.000,3.116,1.065,0.023,45.669,1.343,27.407,0.307,28.022,89.159,178.318,-192.361,0,4,0
364,35,F,20.2,33,48,20,2.400,25.000,92.000,3.157,1.057,0.175,6.030,1.136,18.704,0.285,19.273,65.650,131.299,-183.096,0,4,0
365,35,F,21.7,41.8,54,23,2.348,19.000,137.000,1.996,1.060,0.121,8.784,1.646,25.518,0.484,26.485,52.752,105.504,-184.333,0,4,0