id,Kidney_GSH,Kidney_Unadj_GSSG,Kidney_Adj_GSSG,Kidney_Unadj_Total_GSH,Kidney_Adj_Total_GSH,Kidney_Unadj_GSH_GSSG_Ratio,Kidney_Adj_GSH_GSSG_Ratio,Liver_GSH,Liver_Unadj_GSSG,Liver_Adj_GSSG,Liver_Unadj_Total_GSH,Liver_Adj_Total_GSH,Liver_Unadj_GSH_GSSG_Ratio,Liver_Adj_GSH_GSSG_Ratio,Liver_NADH,Liver_NADP,Liver_NADPH,Liver_NADP_NADPH_Ratio,AST,ALT,AST_ALT_Ratio,BUN,Glucose,Liver_Weight,Initial_Weight,Final_Weight,Liver_Weight_Final_Weight_Ratio,Liver_Adj_2GSH_GSSG,Liver_Adj_Redox_Potential_GSSG_2GSH,Liver_Steatosis,Liver_Ballooning,Liver_Fibrosis,sex,generation
DO-1,17.232,,0.227,,17.686,,76.044,46.189,0.494,0.441,47.177,47.071,93.529,104.688,NA,NA,0.604,NA,59,30,1.97,28,104,1.788,NA,38.9,4.596,209.376,-201.549,0,4,0,M,30
DO-2,14.566,,0.101,,14.769,,143.537,60.649,0.715,0.526,62.079,61.701,84.846,115.305,3.066,NA,0.609,NA,89,43,2.07,23,153,1.922,NA,46.6,4.124,230.61,-206.517,0,4,0,M,30
DO-3,17.596,,0.137,,17.87,,128.53,109.341,1.309,1.121,111.959,111.584,83.53,97.5,NA,NA,0.642,NA,197,NA,NA,26,120,2.092,NA,39.9,5.243,195,-212.193,0,4,0,M,30
DO-4,17.856,,0.111,,18.079,,160.182,83.233,0.882,0.71,84.997,84.653,94.37,117.201,NA,NA,0.647,NA,58,28,2.07,20,94,1.485,NA,40.8,3.64,234.403,-210.998,0,2,0,M,30
DO-5,18.927,,0.117,,19.162,,161.088,30.433,0.56,0.509,31.553,31.451,54.349,59.798,NA,NA,0.766,NA,39,23,1.7,21,98,1.768,NA,45.2,3.912,119.595,-188.393,0,3,0,M,30
DO-6,22.435,,0.182,,22.799,,123.187,54.483,1.013,0.575,56.509,55.632,53.772,94.831,3.516,NA,0.374,NA,60,29,2.07,29,87,1.56,NA,35.7,4.37,189.661,-202.441,0,0,1,M,30
DO-7,23.106,,0.207,,23.52,,111.794,43.243,0.565,0.451,44.372,44.145,76.576,95.786,NA,NA,0.606,NA,70,27,2.59,23,113,1.844,NA,38,4.853,191.572,-199.466,0,4,1,M,30
DO-8,20.874,,0.258,,21.389,,80.972,38.471,0.739,0.495,39.948,39.461,52.076,77.696,NA,NA,0.649,NA,53,39,1.36,21,72,1.47,NA,36,4.083,155.393,-195.073,0,2,0,M,30
DO-9,24.21,,0.231,,24.673,,104.615,44.49,0.695,0.646,45.88,45.782,64.049,68.878,NA,NA,0.547,NA,46,43,1.07,18,124,1.999,NA,41.3,4.84,137.755,-195.409,0,2,0,M,30
DO-10,18.267,,0.089,,18.445,,205.305,63.417,0.902,0.635,65.222,64.686,70.283,99.94,NA,0.451,0.159,2.835,55,42,1.31,22,79,2.437,NA,40,6.093,199.881,-205.192,0,3,0,M,30
DO-11,27.892,,0.207,,28.305,,134.927,97.954,1.49,1.313,100.935,100.58,65.736,74.61,NA,NA,0.786,NA,38,31,1.23,35,104,1.949,NA,38.7,5.036,149.22,-207.11,0,3,0,M,30
DO-12,NA,,NA,,NA,,NA,73.065,1.14,0.853,75.345,74.772,64.115,85.642,NA,NA,0.608,NA,55,30,1.83,24,147,1.872,NA,47,3.983,171.284,-205.02,0,4,0,M,30
DO-13,0.33,,0.252,,0.834,,1.31,37.024,0.543,0.485,38.11,37.995,68.216,76.275,NA,NA,0.396,NA,34,20,1.7,23,111,1.571,NA,32.8,4.79,152.55,-194.309,0,3,0,M,30
DO-14,0.343,,0.334,,1.012,,1.027,113.359,2.373,1.937,118.104,117.232,47.771,58.53,NA,NA,0.501,NA,97,28,3.46,20,107,2.441,NA,48.4,5.043,117.059,-205.809,0,4,1,M,30
DO-15,0.138,,0.094,,0.327,,1.465,43.777,0.869,0.623,45.515,45.024,50.401,70.228,4.564,NA,0.72,NA,34,15,2.27,26,93,1.36,NA,31.6,4.304,140.456,-195.453,0,1,1,M,30
DO-16,0.187,,0.119,,0.424,,1.578,56.383,1.485,1.139,59.354,58.661,37.958,49.507,NA,0.552,0.436,1.267,53,26,2.04,21,65,1.255,NA,30.7,4.088,99.013,-194.152,0,0,0,M,30
DO-17,0.246,,0.177,,0.601,,1.39,31.545,0.562,0.501,32.668,32.546,56.18,63.018,NA,NA,0.777,NA,52,33,1.58,19,69,1.703,NA,48.1,3.541,126.037,-189.582,0,2,0,M,30
DO-18,0.416,,0.406,,1.228,,1.024,64.133,1.647,1.388,67.426,66.909,38.941,46.196,NA,NA,0.238,NA,37,18,2.06,32,160,2.16,NA,46.6,4.635,92.391,-194.954,3,2,0,M,30
DO-19,0.159,,0.123,,0.404,,1.298,94.55,1.192,0.997,96.934,96.544,79.302,94.805,3.906,0.924,0.516,1.792,53,32,1.66,25,95,1.655,NA,47.5,3.484,189.611,-209.859,0,3,0,M,30
DO-20,0.312,,0.242,,0.796,,1.286,40.377,0.78,0.517,41.936,41.411,51.784,78.071,2.838,0.575,0.424,1.356,56,28,2,20,125,1.508,NA,35.2,4.284,156.141,-195.789,0,3,0,M,30
DO-21,0.148,,0.084,,0.316,,1.766,41.869,0.475,0.429,42.819,42.728,88.18,97.55,3.009,0.829,0.433,1.914,51,26,1.96,23,120,1.919,NA,38.5,4.984,195.101,-199.277,0,4,0,M,30
DO-22,0.137,,0.126,,0.389,,1.089,100.066,2.212,2.059,104.49,104.184,45.24,48.607,3.531,0.334,0.67,0.499,132,52,2.54,34,104,2.091,NA,51.9,4.029,97.215,-201.629,0,3,0,M,30
DO-23,0.117,,0.094,,0.304,,1.246,71.729,1.2,1.098,74.13,73.924,59.751,65.348,2.732,0.46,0.456,1.007,58,41,1.41,24,152,3.162,NA,51.5,6.14,130.695,-201.131,0,5,0,M,30
DO-24,0.159,,0.113,,0.385,,1.414,80.849,1.276,0.918,83.402,82.685,63.34,88.041,2.523,0.463,0.223,2.082,100,40,2.5,26,132,1.773,NA,38.3,4.629,176.081,-206.755,0,3,0,M,30
DO-25,0.575,,0.499,,1.573,,1.151,61.53,0.798,0.734,63.125,62.999,77.131,83.788,1.954,0.801,0.276,2.906,56,39,1.44,22,92,1.724,NA,37.1,4.647,167.576,-202.412,0,2,0,M,30
DO-27,13.118,,0.144,,13.406,,91.11,68.346,1.629,1.47,71.603,71.286,41.967,46.492,2.307,0.724,0.334,2.167,67,30,2.23,26,185,2.565,NA,51.1,5.02,92.984,-195.897,0,4,0,M,30
DO-28,15.122,,0.146,,15.413,,103.711,99.552,1.293,1.097,102.138,101.746,76.964,90.745,2.363,0.525,0.488,1.075,61,28,2.18,33,107,1.496,NA,33.6,4.452,181.49,-209.964,0,4,0,M,30
DO-29,17.249,,0.173,,17.595,,99.708,66.534,1.138,0.603,68.811,67.739,58.442,110.391,2.866,0.636,0.263,2.42,51,39,1.31,19,115,1.487,NA,32.1,4.632,220.783,-207.177,0,3,0,M,30
DO-30,18.438,,0.224,,18.885,,82.395,19.669,0.3,0.213,20.268,20.094,65.637,92.445,3.168,0.53,0.359,1.477,78,23,3.39,28,127,1.584,NA,39,4.062,184.891,-188.381,0,1,0,M,30
DO-31,22.394,,0.472,,23.338,,47.425,73.372,2,1.662,77.371,76.696,36.693,44.151,2.25,0.641,0.403,1.59,38,21,1.81,23,132,2.023,NA,47.1,4.295,88.302,-196.157,0,4,0,M,30
DO-32,27.742,,0.447,,28.637,,61.996,42.164,0.899,0.809,43.961,43.781,46.915,52.134,3.106,0.417,0.609,0.685,57,36,1.58,40,243,3.068,NA,53.7,5.713,104.269,-190.936,2,3,0,M,30
DO-33,20.97,,0.332,,21.635,,63.104,94.989,2.036,1.854,99.061,98.696,46.659,51.248,3.333,0.399,0.469,0.851,49,43,1.14,27,63,2.204,NA,45.7,4.823,102.495,-201.64,1,4,0,M,30
DO-34,NA,,NA,,NA,,NA,18.045,0.29,0.239,18.626,18.523,62.142,75.506,3.829,0.579,0.405,1.429,74,34,2.18,26,103,1.516,NA,31.1,4.875,151.012,-184.496,1,0,0,M,30
DO-35,25.193,,0.542,,26.278,,46.44,59.811,1.454,1.21,62.72,62.232,41.13,49.413,2.635,0.666,0.337,1.972,76,28,2.71,23,86,1.508,NA,40.2,3.751,98.827,-194.921,1,2,0,M,30
DO-36,23.283,,0.5,,24.282,,46.595,33.472,0.783,0.575,35.038,34.621,42.736,58.251,2.433,0.421,0.527,0.798,50,36,1.39,24,122,2.91,NA,52,5.596,116.502,-189.321,3,3,0,M,30
DO-38,47.712,,0.631,,48.975,,75.573,9.843,0.276,0.17,10.394,10.183,35.68,57.836,2.255,0.814,0.333,2.445,57,35,1.63,37,108,1.091,NA,26.8,4.071,115.673,-172.747,0,0,0,M,30
DO-39,34.708,,1.444,,37.596,,24.034,52.436,0.66,0.632,53.755,53.7,79.505,82.948,1.409,0.502,0.295,1.701,35,21,1.67,24,216,2.422,NA,46.3,5.231,165.895,-200.123,0,4,0,M,30
DO-41,31.808,,0.317,,32.443,,100.284,33.992,0.898,0.74,35.787,35.472,37.868,45.929,1.696,0.469,0.31,1.514,33,23,1.43,25,138,1.651,NA,42.3,3.903,91.857,-186.329,0,1,0,M,30
DO-42,29.673,,0.359,,30.392,,82.546,74.136,1.975,1.693,78.085,77.522,37.546,43.784,1.61,0.507,0.288,1.76,51,23,2.22,28,100,1.627,NA,38.7,4.204,87.569,-196.184,0,3,0,M,30
DO-44,37.463,,0.905,,39.273,,41.411,41.694,0.931,0.674,43.555,43.043,44.807,61.841,1.927,0.551,0.23,2.392,42,24,1.75,21,162,2.363,NA,44.8,5.275,123.683,-193.084,0,5,0,M,30
DO-45,40.729,,0.445,,41.62,,91.468,57.554,0.634,0.595,58.822,58.744,90.76,96.683,0.653,0.401,0.271,1.484,34,19,1.79,26,142,3.111,NA,48.6,6.401,193.366,-203.44,3,3,0,M,30
DO-46,28.945,,0.683,,30.311,,42.378,39.251,1.127,1.018,41.505,41.288,34.828,38.543,1.96,0.548,0.236,2.32,43,23,1.87,32,96,1.369,NA,38.2,3.584,77.085,-185.906,0,0,0,M,30
DO-47,22.389,,0.292,,22.973,,76.724,58.81,1.07,0.982,60.949,60.774,54.979,59.864,1.407,0.435,0.401,1.087,96,31,3.1,35,83,1.665,NA,35.1,4.744,119.729,-197.277,0,2,0,M,30
DO-48,30.58,,0.808,,32.196,,37.851,67.772,1.225,1.141,70.222,70.053,55.311,59.407,1.554,0.429,0.354,1.213,39,22,1.77,32,111,2.591,NA,48.3,5.364,118.815,-199.083,3,1,0,M,30
DO-49,19.867,,0.278,,20.423,,71.506,65.096,0.804,0.754,66.704,66.603,80.986,86.383,1.581,0.794,0.151,5.245,50,18,2.78,29,78,1,NA,22.9,4.367,172.765,-203.581,0,0,0,F,30
DO-50,37.152,,1.511,,40.174,,24.588,66.203,1.661,1.44,69.526,69.083,39.855,45.984,1.968,0.736,0.182,4.05,41,18,2.28,19,66,1.427,NA,31.7,4.502,91.967,-195.32,0,0,0,F,30
DO-51,32.556,,1.098,,34.751,,29.655,38.048,0.462,0.325,38.972,38.697,82.281,117.133,2.011,0.782,0.121,6.444,49,19,2.58,17,111,1.096,NA,41.5,2.641,234.267,-200.451,0,2,0,F,30
DO-52,26.125,,0.98,,28.085,,26.662,43.485,0.657,0.551,44.799,44.586,66.16,78.973,1.628,0.647,0.267,2.423,191,37,5.16,23,86,1.16,NA,28.6,4.056,157.946,-196.942,0,0,0,F,30
DO-53,14.804,,0.361,,15.525,,41.028,47.974,0.69,0.664,49.354,49.301,69.525,72.288,0.953,0.717,0.107,6.71,42,31,1.35,18,66,1.521,NA,39.8,3.822,144.576,-197.074,0,1,0,F,30
DO-54,35.462,,1.578,,38.618,,22.478,78.195,1.504,1.321,81.203,80.838,51.993,59.179,1.172,0.628,0.113,5.572,162,30,5.4,22,88,1.428,NA,32.1,4.449,118.357,-200.958,0,1,0,F,30
DO-55,22.857,,0.445,,23.747,,51.365,58.039,1.245,1.022,60.529,60.082,46.614,56.816,1.551,0.621,0.104,5.993,60,34,1.76,24,94,1.869,NA,44.4,4.209,113.631,-196.396,0,4,0,F,30
DO-56,19.802,,0.447,,20.695,,44.349,41.333,0.638,0.48,42.609,42.292,64.791,86.18,1.017,0.731,0.12,6.075,181,27,6.7,24,71,1.409,NA,40.8,3.453,172.36,-197.435,0,1,0,F,30
DO-57,37.356,,1.446,,40.248,,25.834,54.147,0.639,0.597,55.424,55.34,84.791,90.721,0.986,0.694,0.35,1.984,58,29,2,25,86,1.524,NA,44.1,3.456,181.443,-201.762,0,1,0,F,30
DO-59,43.863,,0.943,,45.749,,46.524,35.561,0.519,0.282,36.599,36.125,68.478,126.066,3.601,1.058,0.412,2.569,82,22,3.73,18,79,1.23,NA,38.9,3.162,252.132,-200.531,0,4,0,F,30
DO-60,33.84,,0.625,,35.09,,54.119,52.215,0.847,0.586,53.91,53.386,61.613,89.18,4.405,1.057,0.721,1.467,40,20,2,21,80,1.262,NA,28.7,4.397,178.36,-201.042,0,1,0,F,30
DO-61,27.418,,0.98,,29.378,,27.973,33.629,0.659,0.443,34.947,34.515,51.015,75.925,3.914,0.882,0.355,2.488,41,23,1.78,30,84,1.213,NA,30.7,3.951,151.851,-192.952,0,3,0,F,30
DO-62,22.478,,0.451,,23.379,,49.889,38.041,0.411,0.382,38.862,38.805,92.636,99.569,2.932,0.647,0.378,1.713,151,23,6.57,19,91,1.269,NA,36.2,3.506,199.138,-198.262,3,3,0,F,30
DO-63,27.883,,0.33,,28.543,,84.486,77.579,1.285,1.025,80.149,79.628,60.378,75.705,3.225,1.007,0.391,2.576,71,23,3.09,22,81,1.649,NA,51.7,3.19,151.411,-204.167,1,3,0,F,30
DO-64,25.504,,0.492,,26.488,,51.858,22.147,0.4,0.272,22.946,22.691,55.42,81.455,3.062,0.891,0.324,2.75,NA,NA,NA,NA,78,0.662,NA,18.5,3.578,162.911,-188.275,0,0,0,F,30
DO-65,22.398,,0.183,,22.764,,122.363,38.714,0.763,0.596,40.24,39.905,50.723,64.999,1.864,0.854,0.466,1.831,114,30,3.8,18,103,1.319,NA,39,3.382,129.998,-192.756,0,2,0,F,30
DO-66,18.962,,0.438,,19.838,,43.299,55.925,0.598,0.56,57.12,57.045,93.59,99.901,2.842,0.723,0.687,1.053,42,22,1.91,26,99,1.048,NA,31.7,3.306,199.802,-203.494,0,4,0,F,30
DO-67,23.619,,0.154,,23.927,,153.457,63.425,1.103,0.978,65.631,65.38,57.492,64.859,3.917,1.289,0.349,3.697,45,17,2.65,23,105,0.79,NA,23.1,3.42,129.719,-199.373,0,0,0,F,30
DO-68,17.815,,0.44,,18.695,,40.462,41.32,0.866,0.781,43.051,42.881,47.737,52.912,2.693,0.967,0.305,3.172,45,24,1.88,19,90,1.599,NA,33,4.845,105.823,-190.863,0,3,0,F,30
DO-69,18.715,,0.222,,19.159,,84.224,21.343,0.374,0.249,22.091,21.841,57.114,85.793,1.839,0.873,0.73,1.196,37,15,2.47,18,103,1.323,NA,36,3.675,171.586,-188.476,1,3,0,F,30
DO-70,44.401,,0.617,,45.634,,72.007,55.792,0.612,0.574,57.017,56.941,91.134,97.179,2.45,0.75,0.296,2.529,40,19,2.11,24,74,1.189,NA,28.8,4.128,194.358,-203.091,0,1,0,F,30
DO-71,39.774,,0.346,,40.466,,114.927,35.096,0.678,0.481,36.453,36.058,51.74,72.977,3.322,0.808,0.405,1.993,47,23,2.04,23,100,0.884,NA,27.2,3.25,145.953,-192.994,0,2,0,F,30
DO-72,13.583,,0.192,,13.967,,70.84,67.491,0.889,0.795,69.269,69.081,75.902,84.89,1.171,0.746,0.513,1.454,45,20,2.25,23,103,1.181,NA,30.3,3.898,169.781,-203.833,0,3,0,F,30
DO-73,16.418,,0.13,,16.678,,126.016,57.641,1.393,1.291,60.427,60.222,41.384,44.661,1.401,1.031,0.348,2.964,83,30,2.77,16,81,1.097,NA,27.4,4.004,89.321,-193.062,0,3,0,F,30
DO-74,25.238,,0.159,,25.555,,158.764,53.704,0.637,0.605,54.978,54.914,84.27,88.751,2.89,1.216,0.249,4.877,145,29,5,27,102,1.147,NA,28.8,3.983,177.502,-201.355,0,4,0,F,30
DO-75,14.911,,0.101,,15.112,,148.237,56.075,1.052,0.879,58.179,57.833,53.309,63.797,2.856,1.064,0.21,5.067,85,21,4.05,20,95,1.423,NA,44.9,3.169,127.594,-197.492,0,1,0,F,30
DO-76,12.103,,0.075,,12.253,,160.903,29.623,0.693,0.492,31.01,30.607,42.726,60.183,2.223,0.883,0.279,3.16,41,17,2.41,21,80,1.166,NA,28.1,4.149,120.366,-188.116,0,1,0,F,30
DO-77,18.56,,0.618,,19.796,,30.043,42.421,0.765,0.522,43.951,43.466,55.468,81.246,2.414,0.836,0.169,4.962,39,22,1.77,24,105,1.131,NA,26.5,4.268,162.492,-196.991,0,3,0,F,30
DO-78,25.779,,1.378,,28.536,,18.703,57.887,1.132,1.092,60.15,60.072,51.158,52.989,3.703,0.962,0.25,3.852,103,21,4.9,20,96,1.196,NA,27.1,4.413,105.977,-195.422,0,4,0,F,30
DO-79,21.592,,0.434,,22.459,,49.794,70.137,2.084,1.925,74.304,73.986,33.661,36.444,2.946,0.818,0.26,3.143,104,26,4,25,79,1.422,NA,33.5,4.245,72.888,-192.967,0,4,0,F,30
DO-80,20.806,,0.457,,21.72,,45.507,42.097,1.082,0.907,44.26,43.91,38.921,46.432,3.485,0.988,0.204,4.842,45,16,2.81,21,98,1.805,NA,48.4,3.729,92.864,-189.355,0,4,0,F,30
DO-81,19.481,,0.354,,20.189,,55.021,59.944,1.244,1.061,62.431,62.065,48.204,56.516,1.677,0.971,0.269,3.603,39,25,1.56,25,83,2.915,NA,52.8,5.521,113.032,-196.759,2,4,0,F,30
DO-82,27.36,,0.493,,28.346,,55.484,54.085,0.736,0.711,55.557,55.507,73.497,76.07,2.892,0.445,0.429,1.036,43,23,1.87,18,141,2.698,NA,57.3,4.709,152.14,-199.375,2,4,0,F,30
DO-83,28.458,,0.304,,29.066,,93.497,29.302,0.732,0.639,30.765,30.58,40.043,45.826,2.212,0.43,0.093,4.633,64,31,2.06,21,80,1.104,NA,24.9,4.434,91.653,-184.3,0,1,0,F,30
DO-84,20.478,,0.47,,21.418,,43.583,17.017,0.7,0.434,18.417,17.886,24.299,39.173,2.089,0.859,0.13,6.632,169,27,6.26,19,53,0.961,NA,21.6,4.449,78.347,-174.872,NA,NA,NA,F,30
DO-85,23.403,,0.246,,23.895,,95.175,41.923,0.911,0.562,43.746,43.046,46.005,74.651,1.626,0.767,0.21,3.653,140,23,6.09,22,96,1.136,NA,31.9,3.561,149.302,-195.692,0,2,0,F,30
DO-86,36.498,,0.24,,36.977,,152.353,58.666,0.965,0.924,60.596,60.514,60.797,63.481,3.012,0.707,0.168,4.198,51,19,2.68,19,110,0.7,NA,21.1,3.318,126.962,-198.034,0,0,0,F,30
DO-87,25.359,,0.371,,26.101,,68.395,58.6,1.013,0.877,60.626,60.354,57.833,66.814,1.817,0.879,0.105,8.351,37,15,2.47,16,94,1.51,NA,37.2,4.059,133.628,-198.708,0,4,0,F,30
DO-88,20.485,,0.237,,20.959,,86.285,30.238,0.592,0.392,31.422,31.021,51.071,77.236,2.26,0.459,0.142,3.223,52,22,2.36,19,97,1.024,NA,28,3.657,154.471,-191.751,0,3,0,F,30
DO-89,27.867,,0.557,,28.982,,49.992,48.668,1.339,1.203,51.347,51.074,36.342,40.466,0.901,1.51,0.146,10.334,61,31,1.97,22,110,1.918,NA,46.9,4.09,80.932,-189.456,0,3,0,F,30
DO-90,17.653,,0.144,,17.941,,122.601,53.045,0.363,0.347,53.771,53.739,146.05,152.98,2.834,1.162,0.565,2.057,84,24,3.5,20,107,1.999,NA,39,5.126,305.961,-208.52,0,4,0,F,30
DO-91,10.958,,0.123,,11.203,,89.232,38.296,1.141,1.072,40.578,40.439,33.56,35.74,2.13,1.313,0.345,3.808,62,27,2.3,18,100,1.962,NA,48.1,4.079,71.479,-184.557,0,4,0,F,30
DO-92,18.185,,0.353,,18.891,,51.492,37.858,0.851,0.8,39.56,39.458,44.495,47.314,1.611,1.067,0.258,4.141,186,NA,NA,19,82,1.157,NA,27.8,4.162,94.629,-188.18,0,2,0,F,30
DO-93,13.688,,0.198,,14.085,,69.023,60.273,1.47,1.323,63.214,62.92,40.997,45.549,1.939,0.642,0.323,1.984,59,27,2.19,23,147,2.141,NA,52.2,4.102,91.097,-193.929,1,4,0,F,30
DO-94,10.602,,0.145,,10.892,,73.147,58.15,0.91,0.884,59.969,59.917,63.907,65.792,1.828,0.726,0.192,3.784,101,20,5.05,16,65,1.453,NA,35.2,4.128,131.584,-198.396,0,4,0,F,30
DO-95,16.12,,0.405,,16.931,,39.755,75.541,1.06,1.027,77.661,77.595,71.254,73.539,2.623,0.901,0.302,2.982,117,18,6.5,14,152,1.098,NA,27.3,4.022,147.079,-203.418,0,3,0,F,30
DO-96,10.735,,1.51,,13.756,,7.108,44.915,0.745,0.58,46.405,46.075,60.288,77.44,2,0.659,0.098,6.69,48,28,1.71,19,89,1.998,NA,35.4,5.644,154.88,-197.114,0,5,0,F,30
DO-97,21.481,,1.422,,24.325,,15.106,55.868,1.877,1.752,59.621,59.371,29.769,31.894,2.497,0.671,0.159,4.218,50,20,2.5,21,81,1.357,NA,29.6,4.584,63.789,-188.109,0,3,0,F,30
DO-98,14.07,,0.308,,14.687,,45.639,44.531,1.177,1.039,46.885,46.609,37.836,42.863,1.859,0.742,0.106,7.034,58,28,2.07,22,73,1.776,NA,36.8,4.826,85.726,-189.035,0,3,0,F,30
99,19.386,,0.191,,19.767,,101.702,40.565,0.525,0.498,41.615,41.56,77.283,81.486,3.52,0.422,0.18,2.343,64,29,2.21,21,98,1.651,27.9,37.8,4.368,162.971,-196.428,0,4,0,M,32
101,22.018,,0.177,,22.373,,124.259,61.663,0.868,0.763,63.398,63.188,71.075,80.865,4.412,0.412,0.178,2.316,NA,NA,NA,NA,120,2.083,31,48.2,4.322,161.729,-201.963,0,4,0,M,32
102,10.876,,0.356,,11.588,,30.562,35.474,0.507,0.363,36.488,36.199,69.974,97.813,4.536,0.588,0.175,3.349,73,25,2.92,31,95,1.64,26,35.8,4.581,195.626,-197.081,0,4,0,M,32
103,24.06,,0.232,,24.525,,103.521,32.535,0.377,0.344,33.288,33.222,86.41,94.704,3.898,0.51,0.189,2.692,46,22,2.09,34,147,1.849,33.3,35,5.283,189.408,-195.482,0,3,0,M,32
104,18.006,,0.2,,18.405,,90.135,54.108,0.556,0.449,55.219,55.006,97.323,120.507,2.915,0.353,0.226,1.564,42,23,1.83,26,87,1.903,34.1,43.2,4.405,241.013,-205.574,0,5,0,M,32
105,22.181,,0.201,,22.584,,110.155,48.125,0.468,0.354,49.062,48.832,102.727,136.008,4.275,0.33,0.1,3.3,83,21,3.95,19,96,1.739,32.1,34.5,5.041,272.017,-205.626,0,5,0,M,32
106,19.095,,0.36,,19.814,,53.078,54.707,0.787,0.661,56.281,56.03,69.513,82.719,4,0.367,0.228,1.613,76,21,3.62,25,137,1.897,26,38.5,4.927,165.439,-200.657,0,4,0,M,32
107,18.422,,0.107,,18.637,,171.542,43.249,0.652,0.626,44.554,44.501,66.314,69.123,3.739,0.29,0.128,2.257,80,40,2,36,96,2.466,30.9,51.7,4.77,138.246,-195.076,1,3,0,M,32
109,13.313,,0.138,,13.588,,96.646,82.234,0.694,0.538,83.623,83.31,118.418,152.937,4.141,0.255,0.198,1.287,212,42,5.05,23,93,1.903,30.5,42.3,4.499,305.873,-214.418,0,4,0,M,32
110,19.962,,0.151,,20.263,,132.512,38.11,0.682,0.573,39.475,39.255,55.868,66.564,2.607,0.548,0.17,3.232,77,36,2.14,20,94,1.765,30.3,39.6,4.457,133.128,-192.865,0,2,0,M,32
111,15.697,,0.143,,15.983,,109.751,70.993,0.895,0.723,72.783,72.44,79.322,98.148,3.012,0.219,0.245,0.895,61,23,2.65,26,108,1.765,26.7,43.5,4.057,196.296,-206.468,0,2,0,M,32
113,14.022,,0.244,,14.51,,57.508,61.031,0.598,0.57,62.228,62.171,101.981,107.04,2.902,0.313,0.149,2.099,56,40,1.4,25,241,2.686,34.6,51.5,5.216,214.08,-205.6,0,4,0,M,32
114,20.103,,0.211,,20.525,,95.245,56.986,1.314,1.114,59.614,59.213,43.374,51.173,3.21,0.277,0.218,1.266,34,19,1.79,22,94,1.687,30.2,39,4.326,102.346,-194.741,0,2,0,M,32
115,14.665,,0.168,,15.001,,87.322,34.88,0.541,0.358,35.963,35.597,64.421,97.347,3.084,0.422,0.15,2.819,36,19,1.89,23,93,1.419,30.6,38.6,3.676,194.694,-196.79,0,1,0,M,32
116,22.483,,0.217,,22.917,,103.597,43.797,1.378,1.229,46.552,46.255,31.794,35.629,3.01,0.356,0.07,5.087,37,24,1.54,23,106,1.95,30.4,37.4,5.214,71.258,-186.322,2,2,0,M,32
117,11.432,,0.079,,11.59,,144.882,41.446,0.711,0.696,42.868,42.838,58.326,59.58,2.785,0.343,0.087,3.942,35,24,1.46,24,103,3.032,36.8,64.5,4.701,119.16,-192.502,3,2,0,M,32
118,16.807,,0.192,,17.192,,87.365,54.411,0.881,0.756,56.173,55.922,61.76,71.988,3.362,0.733,0.35,2.095,44,17,2.59,25,77,1.461,21.8,27.7,5.274,143.977,-198.713,0,4,0,M,32
119,20.387,,0.327,,21.041,,62.266,88.263,1.88,1.658,92.023,91.58,46.954,53.226,2.881,0.52,0.242,2.149,NA,NA,NA,NA,124,2.51,27.5,46.9,5.352,106.451,-201.161,1,5,0,M,32
121,7.311,,0.274,,7.859,,26.688,39.004,0.392,0.359,39.787,39.721,99.559,108.685,4.979,0.78,0.344,2.269,68,23,2.96,21,108,1.471,26.8,39.8,3.696,217.371,-199.777,0,2,0,M,32
122,14.462,,0.18,,14.821,,80.555,58.994,1.097,0.916,61.187,60.826,53.798,64.401,2.553,0.885,0.139,6.352,120,30,4,26,116,1.715,28.1,36.8,4.66,128.802,-198.303,0,2,0,M,32
123,12.321,,0.274,,12.868,,45.024,65.42,1.097,0.774,67.613,66.967,59.647,84.537,3.338,0.629,0.215,2.932,93,30,3.1,33,80,1.712,31.1,36.7,4.665,169.074,-203.357,0,3,0,M,32
124,15.583,,0.189,,15.962,,82.372,62.07,1.225,0.983,64.521,64.036,50.664,63.157,2.519,1.028,0.277,3.711,64,18,3.56,21,118,1.898,26,41.1,4.618,126.313,-198.724,0,3,0,M,32
125,14.291,,0.199,,14.689,,71.798,56.214,0.629,0.584,57.471,57.382,89.383,96.244,3.789,0.85,0.457,1.858,70,31,2.26,24,109,1.499,28.4,43.8,3.422,192.487,-203.062,0,3,0,M,32
126,7.316,,0.346,,8.008,,21.141,88.607,1.575,1.457,91.757,91.521,56.252,60.803,3.302,0.933,0.161,5.8,30,16,1.88,30,116,1.947,28.5,49,3.973,121.606,-203.005,1,4,0,M,32
127,11.057,,0.257,,11.571,,43.052,37.275,0.633,0.584,38.542,38.444,58.851,63.784,3.684,0.727,0.287,2.528,39,23,1.7,27,112,2.247,29.6,45.6,4.928,127.567,-191.992,1,4,0,M,32
128,6.4,,0.101,,6.603,,63.158,65.643,1.629,1.463,68.901,68.57,40.302,44.854,2.731,0.77,0.339,2.273,88,28,3.14,23,111,1.622,24,31.2,5.199,89.708,-194.871,0,3,0,M,32
129,13.567,,0.293,,14.153,,46.332,58.592,0.662,0.624,59.916,59.84,88.481,93.864,3.483,0.835,0.301,2.777,62,35,1.77,27,101,2.381,33.3,50.5,4.715,187.727,-203.282,0,5,0,M,32
130,18.104,,0.192,,18.488,,94.275,69.616,1.055,0.942,71.727,71.499,65.965,73.931,2.33,0.157,0.34,0.46,124,44,2.82,25,85,1.535,27.9,32.6,4.709,147.862,-202.39,0,1,0,M,32
131,11.595,,0.442,,12.478,,26.234,34.452,0.472,0.292,35.396,35.035,72.973,118.009,4.784,0.921,0.347,2.655,37,16,2.31,29,93,2.73,41.9,54.2,5.037,236.019,-199.215,0,4,0,M,32
132,12.164,,0.251,,12.667,,48.398,59.103,0.966,0.805,61.035,60.712,61.179,73.434,3.277,0.309,0.134,2.297,47,35,1.34,23,89,1.793,34.1,40.1,4.471,146.867,-200.094,0,3,0,M,32
133,20.047,,0.188,,20.423,,106.547,52.55,0.678,0.637,53.907,53.824,77.471,82.479,3.387,0.666,0.274,2.433,59,40,1.48,24,93,1.693,31.6,40.3,4.201,164.958,-200.076,0,3,0,M,32
134,15.606,,0.134,,15.873,,116.848,65.318,0.549,0.417,66.415,66.151,119.056,156.81,4.488,0.741,0.34,2.179,44,34,1.29,23,117,1.401,28,33.2,4.22,313.62,-211.655,0,2,0,M,32
135,16.377,,0.171,,16.72,,95.527,52.914,0.83,0.752,54.575,54.418,63.72,70.369,3.957,0.503,0.346,1.454,36,24,1.5,35,110,2.22,31.7,51.3,4.327,140.738,-198.031,1,5,0,M,32
136,16.718,,0.247,,17.212,,67.711,52.433,0.55,0.364,53.532,53.16,95.413,144.187,4.153,0.622,0.162,3.849,77,33,2.33,25,83,1.587,27.3,37.4,4.243,288.373,-207.566,0,1,0,M,32
137,17.59,,0.099,,17.788,,176.928,67.826,0.598,0.564,69.023,68.955,113.357,120.168,3.946,1.167,0.416,2.807,45,38,1.18,22,104,2.1,32.7,39.5,5.316,240.337,-208.579,0,3,0,M,32
138,13.196,,0.088,,13.373,,149.117,NA,1.523,1.289,NA,NA,NA,NA,5.008,1.007,0.595,1.693,188,24,7.83,NA,99,2.351,32.6,49.6,4.74,NA,NA,0,3,0,M,32
139,16.95,,0.274,,17.499,,61.813,77.132,0.869,0.53,78.87,78.192,88.75,145.586,3.141,0.708,0.421,1.683,35,21,1.67,22,94,1.522,25.3,35.2,4.324,291.172,-212.893,0,4,0,M,32
140,22.074,,0.211,,22.497,,104.442,51.13,0.944,0.348,53.019,51.826,54.141,146.931,3.326,0.812,0.322,2.521,69,21,3.29,27,100,1.649,23.1,27.9,5.91,293.862,-207.481,0,2,0,M,32
141,14.079,,0.148,,14.375,,95.222,67.622,0.809,0.775,69.241,69.171,83.538,87.305,1.681,0.892,0.347,2.571,120,36,3.33,17,103,1.821,26.7,35.1,5.188,174.609,-204.237,0,4,0,M,32
142,10.797,,0.211,,11.219,,51.141,43.232,0.792,0.694,44.816,44.62,54.581,62.292,2.899,0.996,0.254,3.923,82,38,2.16,14,95,1.875,25.7,34.3,5.466,124.584,-193.669,0,3,0,M,32
143,24.427,,0.3,,25.028,,81.378,77.795,1.248,0.915,80.291,79.625,62.348,85.006,3.63,0.794,0.584,1.36,37,22,1.68,31,90,2.173,32.7,40.9,5.313,170.012,-205.764,0,3,0,M,32
144,14.762,,0.25,,15.262,,59.057,56.232,0.991,0.755,58.214,57.741,56.735,74.522,3.438,0.661,0.614,1.076,127,22,5.77,24,120,2.151,24.4,43.9,4.9,149.043,-199.622,0,4,0,M,32
145,15.203,,0.486,,16.176,,31.252,55.115,0.798,0.755,56.712,56.625,69.027,72.992,3.333,0.781,0.247,3.16,135,30,4.5,26,92,1.829,33,36.5,5.011,145.985,-199.073,0,2,0,M,32
146,18.939,,0.464,,19.868,,40.789,38.114,0.621,0.225,39.356,38.563,61.361,169.761,4.315,0.774,0.239,3.241,49,19,2.58,24,88,1.334,30.4,32.4,4.117,339.522,-205.471,0,2,0,M,32
147,17.19,,0.267,,17.723,,64.447,78.682,2.492,2.288,83.665,83.258,31.58,34.392,3.973,0.86,0.221,3.885,37,24,1.54,43,102,2.405,31.5,48,5.01,68.785,-193.734,1,4,0,M,32
148,21.795,,0.869,,23.533,,25.076,42.728,0.708,0.348,44.144,43.424,60.373,122.759,2.179,0.778,0.182,4.28,66,25,2.64,22,113,1.551,26.3,31.3,4.955,245.519,-202.645,0,2,0,M,32
149,23.045,,0.327,,23.699,,70.462,41.773,0.454,0.421,42.681,42.614,91.96,99.286,2.981,0.653,0.295,2.211,35,22,1.59,21,102,1.577,32.4,40.6,3.884,198.573,-199.483,0,1,0,M,32
150,15.11,,0.714,,16.538,,21.152,77.036,0.991,0.809,79.019,78.654,77.718,95.217,3.489,0.609,0.329,1.848,50,30,1.67,24,92,1.432,23.7,29.5,4.854,190.435,-207.16,0,1,0,M,32
151,27.169,,0.292,,27.753,,93.074,54.379,0.661,0.561,55.702,55.501,82.238,97.002,2.954,0.623,0.323,1.928,43,26,1.65,21,97,2.024,26.5,35.4,5.718,194.005,-202.721,0,4,0,M,32
152,19.68,,0.339,,20.358,,57.998,59.979,1.098,0.866,62.174,61.711,54.641,69.23,3.646,0.613,0.549,1.117,27,22,1.23,24,87,2.158,35.3,47.9,4.505,138.46,-199.499,0,2,0,M,32
153,9.941,,0.15,,10.242,,66.156,36.735,0.435,0.402,37.605,37.538,84.418,91.472,3.32,0.708,0.051,13.906,48,29,1.66,15,66,2.2,30.1,30.6,7.19,182.944,-196.649,0,0,0,M,32
154,15.85,,0.159,,16.167,,99.994,84.067,0.975,0.847,86.018,85.761,86.203,99.264,2.496,0.589,0.382,1.539,101,31,3.26,21,113,2.51,37.7,61.5,4.081,198.529,-208.896,0,3,0,M,32
155,12.208,,0.124,,12.456,,98.654,42.043,0.502,0.416,43.048,42.876,83.683,100.951,2.206,0.656,0.327,2.009,82,52,1.58,20,118,1.928,28.9,40.1,4.808,201.901,-199.794,0,4,0,M,32
156,8.56,,0.232,,9.023,,36.967,73.523,0.949,0.72,75.421,74.963,77.487,102.144,4.282,2.006,0.467,4.295,51,25,2.04,31,73,1.833,38.3,44.9,4.082,204.288,-207.477,0,4,0,M,32
157,15.872,,0.133,,16.137,,119.56,59.704,0.806,0.77,61.316,61.245,74.044,77.496,4.703,1.3,0.898,1.448,102,33,3.09,21,70,3.388,34.6,55.3,6.127,154.992,-200.956,5,1,0,M,32
158,19.14,,0.132,,19.404,,145.139,64.529,0.776,0.662,66.081,65.853,83.116,97.43,3.909,1.417,0.561,2.525,38,32,1.19,21,257,3.214,42.2,58.2,5.522,194.86,-205.084,2,4,0,M,32
159,23.537,,0.182,,23.901,,129.278,42.982,0.879,0.677,44.74,44.336,48.913,63.495,5.394,1.9,0.517,3.674,39,23,1.7,17,88,1.596,31.3,42.5,3.755,126.99,-193.849,0,5,0,M,32
160,13.85,,0.279,,14.409,,49.556,59.287,0.784,0.602,60.855,60.491,75.642,98.513,3.131,1.414,NA,NA,41,31,1.32,22,132,2.472,32.6,49.4,5.004,197.026,-204.092,0,4,0,M,32
161,22.434,,0.317,,23.068,,70.719,55.623,0.598,0.565,56.819,56.753,93.043,98.516,5.006,1.565,0.434,3.607,49,35,1.4,33,91,1.246,21.3,31.4,3.968,197.031,-203.234,0,4,0,F,32
162,23.452,,0.232,,23.916,,101.1,59.89,0.978,0.815,61.847,61.52,61.23,73.503,3.784,1.57,0.355,4.424,134,33,4.06,27,105,1.876,28.3,46,4.078,147.006,-200.285,1,5,0,F,32
163,19.072,,0.31,,19.692,,61.497,57.501,0.677,0.444,58.855,58.389,84.935,129.462,2.642,2.271,0.122,18.68,49,19,2.58,22,103,1.477,21.3,36,4.103,258.924,-207.358,0,2,0,F,32
164,21.967,,0.29,,22.547,,75.786,40.543,0.706,0.5,41.954,41.543,57.454,81.059,5.149,1.549,0.421,3.682,51,26,1.96,25,87,2.35,32.3,59.2,3.97,162.119,-196.35,1,4,0,F,32
165,16.522,,0.366,,17.254,,45.131,65.289,0.606,0.558,66.5,66.405,107.799,117.014,6.397,2.575,0.246,10.45,61,28,2.18,31,98,1.14,21,27,4.222,234.028,-207.707,0,3,0,F,32
166,10.521,,0.25,,11.02,,42.161,29.872,0.472,0.282,30.816,30.435,63.274,106.014,4.55,2.103,0.197,10.686,43,25,1.72,29,97,1.595,28.7,46.2,3.452,212.028,-195.851,0,2,0,F,32
167,18.151,,0.306,,18.763,,59.245,67.875,1.158,0.869,70.19,69.612,58.634,78.119,3.385,1.986,0.349,5.693,49,23,2.13,24,103,1.772,23.3,40.2,4.408,156.237,-202.79,0,5,0,F,32
168,10.962,,0.062,,11.086,,176.828,43.617,0.49,0.323,44.596,44.263,89.043,134.892,3.081,1.388,0.656,2.118,50,21,2.38,23,100,0.965,22.7,25.4,3.799,269.784,-204.191,0,4,0,F,32
169,7.161,,0.228,,7.617,,31.347,33.884,0.529,0.495,34.941,34.873,64.113,68.499,3.094,1.789,0.242,7.406,49,16,3.06,19,85,1.133,22.7,31.4,3.608,136.999,-191.668,0,3,0,F,32
170,20.56,,0.142,,20.844,,145.073,48.991,0.901,0.78,50.793,50.55,54.38,62.844,5.01,2.386,0.366,6.525,69,21,3.29,29,110,1.285,23.5,29.2,4.401,125.689,-195.472,0,3,0,F,32
171,11.819,,0.183,,12.185,,64.554,45.294,0.875,0.681,47.044,46.656,51.755,66.497,3.257,2.132,0.326,6.541,45,25,1.8,23,91,1.9,23.3,38.8,4.897,132.995,-195.176,0,5,0,F,32
172,15.81,,0.204,,16.219,,77.463,35.796,0.764,0.615,37.324,37.025,46.841,58.21,3.091,1.865,0.205,9.091,49,23,2.13,30,80,1.382,26.6,39,3.544,116.42,-190.216,0,3,0,F,32
173,22.236,,0.297,,22.831,,74.83,51.148,0.598,0.553,52.344,52.254,85.542,92.54,2.147,2.079,0.36,5.775,72,21,3.43,25,67,1.19,19.3,30.3,3.927,185.079,-201.262,0,1,0,F,32
174,18.754,,0.113,,18.98,,165.833,54.028,1.806,1.672,57.641,57.373,29.914,32.304,4.265,1.47,0.116,12.649,45,24,1.88,27,100,1.573,29.7,40.9,3.846,64.608,-187.83,1,4,0,F,32
175,13.806,,0.244,,14.294,,56.594,40.877,0.657,0.592,42.192,42.062,62.182,69.011,3.218,1.384,0.071,19.547,42,21,2,24,98,1.394,22.1,32.1,4.343,138.021,-194.294,0,4,0,F,32
176,22.485,,0.328,,23.14,,68.609,43.273,0.853,0.675,44.978,44.624,50.744,64.063,3.293,0.942,0.236,3.996,75,29,2.59,27,93,1.593,21.3,33.5,4.755,128.127,-194.06,0,3,0,F,32
177,9.887,,0.586,,11.059,,16.866,63.604,0.755,0.713,65.114,65.031,84.224,89.172,2.104,1.316,0.26,5.058,52,24,2.17,23,74,1.073,22.1,27.4,3.916,178.344,-203.697,0,4,0,F,32
178,26.729,,0.596,,27.92,,44.882,66.38,0.831,0.661,68.041,67.702,79.902,100.373,4.503,0.88,0.463,1.899,41,17,2.41,20,129,1.078,18.1,25.6,4.211,200.747,-205.865,0,4,0,F,32
179,7.859,,0.346,,8.551,,22.687,48.678,0.838,0.681,50.355,50.039,58.058,71.503,3.107,0.792,0.167,4.746,58,31,1.87,16,76,1.366,23.8,33.1,4.127,143.007,-197.123,0,4,0,F,32
180,16.552,,0.354,,17.259,,46.788,55.553,1.165,1.04,57.883,57.634,47.678,53.392,3.074,0.895,0.171,5.219,39,17,2.29,20,102,1.337,22.4,34.7,3.853,106.785,-194.97,0,4,0,F,32
181,24.784,,0.235,,25.254,,105.458,22.179,0.495,0.458,23.169,23.096,44.813,48.408,5.234,0.904,0.274,3.294,37,15,2.47,18,100,1.81,23.3,42.8,4.229,96.816,-181.289,0,4,0,F,32
182,19.739,,0.203,,20.144,,97.46,61.091,0.758,0.684,62.607,62.46,80.606,89.296,3.928,0.668,0.305,2.19,104,26,4,20,114,2.362,26.3,49.3,4.791,178.591,-203.173,1,4,0,F,32
183,21.04,,0.19,,21.42,,110.812,38.593,0.668,0.546,39.929,39.685,57.776,70.703,4.831,0.92,0.118,7.786,75,29,2.59,29,78,1.334,20.5,27.1,4.923,141.405,-193.846,0,3,0,F,32
184,21.92,,0.163,,22.246,,134.18,46.445,0.885,0.79,48.216,48.025,52.479,58.794,6.933,0.78,0.19,4.097,42,20,2.1,29,91,1.568,27.1,47.9,3.273,117.589,-193.857,0,3,0,F,32
185,11.615,,0.169,,11.952,,68.848,41.295,0.378,0.332,42.051,41.96,109.313,124.199,5.322,0.948,0.107,8.849,47,34,1.38,28,76,1.677,22.6,47.5,3.531,248.397,-202.342,0,3,0,F,32
186,19.555,,0.228,,20.011,,85.719,38.685,0.602,0.472,39.889,39.629,64.211,81.883,5.536,0.538,0.376,1.429,57,41,1.39,26,138,2.322,26.3,49.4,4.7,163.765,-195.855,2,4,0,F,32
187,26.184,,0.283,,26.75,,92.482,103.986,1.161,0.79,106.307,105.566,89.588,131.606,4.663,0.776,0.285,2.722,44,14,3.14,22,125,1.499,17.5,32.5,4.612,263.211,-215.556,0,4,0,F,32
188,20.39,,0.309,,21.008,,66.046,43.736,0.861,0.585,45.459,44.906,50.773,74.777,5.028,0.767,0.197,3.888,39,18,2.17,26,92,0.934,20,24.9,3.751,149.555,-196.285,0,1,0,F,32
189,21.116,,0.212,,21.54,,99.48,53.721,0.614,0.578,54.948,54.876,87.53,93.017,4.386,0.894,0.185,4.821,146,28,5.21,30,86,1.785,25.5,45.5,3.923,186.035,-201.992,2,4,0,F,32
190,8.799,,0.332,,9.462,,26.539,38.101,0.716,0.511,39.532,39.124,53.248,74.524,6.133,0.814,0.25,3.249,111,25,4.44,27,122,1.203,20.4,39.7,3.03,149.048,-194.382,0,2,1,F,32
192,11.249,,0.543,,12.334,,20.727,51.069,0.634,0.288,52.337,51.646,80.578,177.181,1.581,1.091,0.062,17.539,34,17,2,17,100,1.572,19.7,34.3,4.583,354.362,-209.986,0,4,0,F,32
193,28.091,,0.21,,28.51,,133.803,48.404,0.631,0.58,49.666,49.565,76.727,83.435,2.442,0.813,0.241,3.372,59,26,2.27,25,88,1.065,21.5,27.5,3.873,166.871,-199.125,0,2,1,F,32
194,17.041,,0.188,,17.417,,90.626,46.726,0.585,0.42,47.896,47.565,79.837,111.349,2.884,0.983,0.375,2.624,51,25,2.04,23,125,2.293,31.4,60.6,3.784,222.698,-202.535,0,4,0,F,32
195,26.363,,0.535,,27.433,,49.29,34.508,0.928,0.525,36.365,35.559,37.17,65.682,3.163,1.867,0.249,7.489,48,20,2.4,28,98,1.299,21.7,28.8,4.51,131.363,-191.348,0,2,0,F,32
196,23.369,,0.35,,24.069,,66.748,65.85,0.937,0.525,67.725,66.9,70.245,125.492,3.151,0.886,0.166,5.354,37,23,1.61,25,113,1.65,27.4,42.3,3.901,250.984,-208.764,0,4,0,F,32
197,22.605,,0.23,,23.065,,98.204,43.049,0.586,0.546,44.221,44.14,73.438,78.871,3.362,0.661,0.074,8.925,50,28,1.79,26,91,1.348,23.7,31.5,4.279,157.742,-196.789,0,2,0,F,32
198,18.291,,0.303,,18.897,,60.331,53.834,0.893,0.808,55.621,55.449,60.258,66.641,5.082,0.59,0.241,2.449,34,16,2.13,18,97,1.343,24.8,36.7,3.659,133.283,-197.531,0,1,0,F,32
199,18.25,,0.493,,19.236,,37.013,50.428,0.707,0.606,51.841,51.641,71.367,83.156,3.61,0.457,0.138,3.309,44,14,3.14,22,110,1.487,22.9,34.7,4.285,166.312,-199.631,0,4,0,F,32
200,23.646,,0.344,,24.333,,68.836,54.852,0.99,0.745,56.833,56.342,55.393,73.668,4.112,0.857,0.206,4.151,54,24,2.25,24,88,1.002,18.8,29.2,3.432,147.336,-199.133,0,3,0,F,32
201,9.829,,0.23,,10.29,,42.681,35.503,0.307,0.268,36.116,36.04,115.768,132.278,7.572,0.982,0.213,4.62,46,17,2.71,28,96,0.998,19.6,28.3,3.527,264.556,-201.156,0,4,0,F,32
202,16.718,,0.15,,17.018,,111.538,60.38,0.922,0.794,62.223,61.968,65.511,76.028,6.247,0.632,0.141,4.479,233,49,4.76,25,98,1.357,25,34.2,3.968,152.055,-200.85,0,3,0,F,32
203,4.744,,0.112,,4.968,,42.346,36.232,0.5,0.348,37.231,36.928,72.513,104.078,4.983,0.982,0.089,10.998,44,17,2.59,24,77,1.367,24.5,33.9,4.032,208.155,-198.202,0,2,0,F,32
204,11.35,,0.261,,11.872,,43.438,55.042,1.463,1.341,57.967,57.724,37.631,41.043,3.056,0.725,0.145,5.006,51,23,2.22,22,99,1.757,26.3,41.4,4.244,82.086,-191.304,0,5,0,F,32
205,19.342,,0.209,,19.76,,92.483,36.084,0.61,0.575,37.304,37.233,59.145,62.786,3.215,0.446,0.082,5.424,41,24,1.71,25,92,1.225,22.2,33.8,3.624,125.573,-191.343,0,2,0,F,32
206,18.534,,0.381,,19.295,,48.709,53.802,0.63,0.541,55.063,54.884,85.334,99.446,4.171,0.642,0.019,33.067,46,24,1.92,24,83,1.001,19.3,27.5,3.64,198.891,-202.912,0,3,0,F,32
207,20.773,,0.34,,21.454,,61.067,31.572,0.62,0.523,32.813,32.618,50.894,60.35,5.633,0.401,0.131,3.053,65,30,2.17,26,72,1.737,23.9,48.4,3.589,120.7,-189.011,0,3,0,F,32
208,23.483,,0.373,,24.228,,63.019,55.098,0.854,0.694,56.807,56.486,64.482,79.4,5.016,0.576,0.071,8.079,70,31,2.26,28,82,1.65,22.7,32.4,5.093,158.8,-200.202,0,3,0,F,32
209,16.391,,0.22,,16.831,,74.392,64.002,0.525,0.488,65.051,64.977,121.961,131.285,3.163,0.929,0.078,11.898,33,15,2.2,20,106,1.884,25.5,37.9,4.971,262.57,-208.989,0,4,0,F,32
210,25.407,,NA,,NA,,NA,55.141,1.153,0.878,57.446,56.898,47.839,62.782,3.04,1.336,0.031,42.501,58,20,2.9,48,89,0.935,19.5,22.8,4.101,125.564,-197.051,0,1,0,F,32
211,25.851,,0.312,,26.475,,82.842,96.583,1.298,0.859,99.179,98.301,74.42,112.411,2.951,1.234,0.029,42.094,44,17,2.59,27,99,1.062,21.8,28.3,3.753,224.822,-212.439,0,3,0,F,32
212,22.468,,0.329,,23.126,,68.331,61.955,1.261,0.942,64.478,63.838,49.112,65.78,3.995,1.073,0.073,14.606,125,24,5.21,17,105,1.109,22.6,28.3,3.919,131.56,-199.247,0,2,0,F,32
213,19.862,,0.201,,20.264,,98.77,67.464,0.975,0.933,69.413,69.329,69.227,72.347,4.639,1.113,0.301,3.694,50,21,2.38,17,91,1.563,24.3,49.4,3.164,144.694,-201.675,0,3,0,F,32
214,5.602,,0.196,,5.994,,28.599,39.903,0.492,0.274,40.887,40.451,81.067,145.509,3.769,1.062,0.069,15.33,47,27,1.74,22,77,1.302,21.9,38.7,3.364,291.019,-204.013,0,2,0,F,32
215,14.15,,0.235,,14.62,,60.228,59.79,1.12,0.866,62.029,61.523,53.403,69.012,2.659,0.82,0.081,10.089,49,36,1.36,24,97,1.391,27.8,40.4,3.443,138.024,-199.414,1,4,0,F,32
216,8.174,,0.267,,8.707,,30.65,57.831,0.916,0.72,59.664,59.272,63.103,80.296,3.807,1.005,0.151,6.643,170,29,5.86,24,95,1.995,23.8,40.6,4.914,160.591,-201.004,0,4,0,F,32
217,16.343,,0.194,,16.732,,84.073,43.658,0.53,0.49,44.718,44.637,82.344,89.139,4.582,0.999,0.202,4.955,57,29,1.97,26,102,1.188,25.4,35.6,3.337,178.277,-198.626,0,4,0,F,32
218,22.969,,0.377,,23.723,,60.897,44.523,0.589,0.389,45.702,45.301,75.546,114.409,3.643,1.051,0.068,15.395,54,20,2.7,22,84,1.167,18.9,26.8,4.354,228.817,-202.25,0,3,0,F,32
219,24.987,,0.238,,25.464,,104.928,53.59,1.01,0.681,55.609,54.951,53.084,78.745,3.591,0.997,0.202,4.943,118,26,4.54,27,51,1.1,18.7,31.1,3.537,157.49,-199.716,0,2,0,F,32
220,20.556,,0.17,,20.897,,120.565,49.146,0.851,0.618,50.848,50.382,57.727,79.498,4.529,0.953,0.097,9.872,45,25,1.8,27,75,1.49,22.7,36.7,4.06,158.997,-198.679,1,4,0,F,32
221,NA,,NA,,NA,,NA,22.848,0.255,0.226,23.359,23.301,89.517,101.011,1.365,0.928,0.254,3.655,51,19,2.68,NA,85,1.595,25.5,41.3,3.862,202.023,-191.592,0,3,0,M,35
222,NA,,NA,,NA,,NA,33.624,0.455,0.437,34.534,34.498,73.885,76.926,2.388,1.092,0.365,2.991,29,18,1.61,NA,118,2.129,30.6,52.8,4.032,153.852,-193.126,0,4,0,M,35
223,NA,,NA,,NA,,NA,34.073,0.595,0.551,35.263,35.175,57.275,61.836,1.872,1.048,0.405,2.588,45,29,1.55,26,102,1.625,26.1,33.7,4.822,123.672,-190.365,0,4,0,M,35
224,NA,,NA,,NA,,NA,55.034,0.866,0.794,56.766,56.621,63.557,69.333,3.269,1.243,0.34,3.661,45,26,1.73,NA,103,2.025,31.6,42.7,4.742,138.667,-198.361,1,5,0,M,35
225,NA,,NA,,NA,,NA,41.679,0.461,0.448,42.601,42.575,90.365,93.065,2.223,1.221,0.111,10.987,84,22,3.82,32,95,1.348,26.5,36,3.744,186.13,-198.582,0,2,0,M,35
226,NA,,NA,,NA,,NA,29.607,0.411,0.368,30.428,30.343,72.114,80.415,1.853,1.034,0.432,2.395,52,28,1.86,NA,82,1.245,27.6,32.1,3.879,160.83,-192.011,0,3,0,M,35
227,NA,,NA,,NA,,NA,31.405,0.695,0.588,32.795,32.581,45.19,53.406,3.367,0.92,0.508,1.811,42,23,1.83,27,107,2.379,28.6,46.8,5.083,106.811,-187.294,0,4,0,M,35
228,NA,,NA,,NA,,NA,51.874,0.671,0.648,53.216,53.169,77.311,80.106,2.006,0.836,0.241,3.473,43,26,1.65,36,112,2.25,29.6,47.6,4.727,160.212,-199.509,0,3,0,M,35
229,NA,,NA,,NA,,NA,19.938,0.376,0.357,20.69,20.651,53.026,55.922,0.983,0.936,0.262,3.574,38,23,1.65,23,92,2.038,32,49.8,4.092,111.845,-181.797,0,2,0,M,35
230,NA,,NA,,NA,,NA,46.674,0.629,0.588,47.933,47.851,74.188,79.32,1.542,1.28,0.258,4.965,35,19,1.84,28,96,1.829,30.2,45.1,4.055,158.639,-197.954,0,3,0,M,35
231,NA,,NA,,NA,,NA,29.083,0.429,0.343,29.941,29.769,67.794,84.761,1.459,0.796,0.358,2.222,38,27,1.41,26,120,1.994,33.4,45.2,4.412,169.522,-192.479,0,4,0,M,35
232,NA,,NA,,NA,,NA,22.039,0.482,0.431,23.003,22.901,45.706,51.102,2.231,1.061,0.177,5.986,33,23,1.43,29,103,2.127,32.7,45.8,4.644,102.204,-181.932,1,4,0,M,35
233,NA,,NA,,NA,,NA,48.495,0.559,0.543,49.614,49.581,86.682,89.308,2.062,0.946,0.22,4.295,37,22,1.68,36,367,3.72,34.9,54.5,6.826,178.616,-200.066,0,4,0,M,35
235,NA,,NA,,NA,,NA,45.903,0.711,0.666,47.325,47.235,64.571,68.935,1.64,0.836,0.234,3.574,38,23,1.65,27,118,2.321,31,45.9,5.057,137.87,-195.841,0,4,0,M,35
237,NA,,NA,,NA,,NA,46.832,0.719,0.63,48.271,48.091,65.097,74.378,1.055,1.043,0.206,5.069,33,17,1.94,24,120,1.736,32.7,35.5,4.89,148.756,-197.133,0,2,0,M,35
238,NA,,NA,,NA,,NA,28.389,0.393,0.283,29.174,28.954,72.308,100.396,0.783,1.334,0.189,7.049,44,27,1.63,25,96,1.864,33.8,46.5,4.009,200.791,-194.433,0,3,0,M,35
239,NA,,NA,,NA,,NA,40.083,0.517,0.491,41.116,41.066,77.606,81.582,1.046,0.881,0.088,9.967,41,18,2.28,23,92,1.691,29.6,37.4,4.521,163.163,-196.283,0,2,0,M,35
240,NA,,NA,,NA,,NA,42.521,0.757,0.719,44.034,43.959,56.204,59.148,1.245,1.163,0.109,10.641,45,30,1.5,24,118,2.002,33.4,50.4,3.972,118.296,-192.749,0,2,0,M,35
241,NA,,NA,,NA,,NA,32.713,0.651,0.581,34.016,33.876,50.218,56.269,0.658,0.957,0.44,2.176,44,21,2.1,27,67,1.514,30.2,33.9,4.466,112.539,-188.547,0,3,0,M,35
242,NA,,NA,,NA,,NA,13.477,0.289,0.153,14.056,13.784,46.583,87.819,1.416,0.822,0.401,2.053,29,15,1.93,15,103,2.208,36,40.6,5.438,175.638,-182.601,0,3,0,M,35
243,NA,,NA,,NA,,NA,23.411,0.324,0.309,24.059,24.029,72.225,75.797,1.547,0.61,0.288,2.12,137,31,4.42,22,330,3.415,40.7,54.7,6.243,151.595,-188.053,0,3,0,M,35
244,NA,,NA,,NA,,NA,26.854,0.403,0.352,27.66,27.557,66.581,76.342,1.428,0.932,0.097,9.603,36,16,2.25,18,97,2.661,34.8,57.4,4.636,152.683,-189.997,1,3,0,M,35
245,NA,,NA,,NA,,NA,42.735,0.723,0.619,44.181,43.974,59.108,68.999,1.368,1.072,0.055,19.564,45,33,1.36,24,101,2.083,33,50.5,4.125,137.999,-194.89,0,3,0,M,35
246,NA,,NA,,NA,,NA,31.367,0.542,0.389,32.451,32.146,57.854,80.531,1.594,1.001,0.139,7.175,41,32,1.28,27,149,1.949,32.6,43.2,4.512,161.062,-192.807,0,3,0,M,35
247,NA,,NA,,NA,,NA,34.295,0.499,0.483,35.292,35.261,68.794,71.009,0.959,1.243,0.294,4.236,63,25,2.52,24,115,1.951,27.6,48.7,4.006,142.018,-192.315,0,4,0,M,35
248,NA,,NA,,NA,,NA,37.326,0.537,0.5,38.4,38.327,69.5,74.616,1.059,1.518,0.125,12.182,48,31,1.55,34,331,2.713,30.5,50.7,5.351,149.231,-194.122,0,3,0,M,35
249,NA,,NA,,NA,,NA,41.394,0.716,0.634,42.825,42.662,57.846,65.295,1.429,1.523,0.25,6.081,27,24,1.13,21,161,3.625,46.6,64.8,5.594,130.591,-193.718,0,5,0,M,35
250,NA,,NA,,NA,,NA,42.903,0.817,0.608,44.537,44.119,52.53,70.547,0.831,1.59,0.108,14.752,43,24,1.79,16,84,1.821,36.1,51,3.571,141.094,-195.242,0,2,0,M,35
251,NA,,NA,,NA,,NA,38.872,0.639,0.622,40.149,40.116,60.876,62.492,3.241,1.169,0.162,7.194,50,40,1.25,22,92,1.767,29.4,41.2,4.289,124.984,-192.281,0,2,0,M,35
252,NA,,NA,,NA,,NA,36.072,0.694,0.636,37.46,37.345,51.966,56.672,1.401,0.895,0.026,34.344,42,24,1.75,25,89,1.453,27.9,35.7,4.07,113.345,-189.959,0,0,0,M,35
253,NA,,NA,,NA,,NA,30.2,0.467,0.386,31.133,30.973,64.726,78.163,2.584,1.241,0.226,5.48,41,24,1.71,22,108,2.302,29.3,50.3,4.577,156.325,-191.895,0,4,0,M,35
254,NA,,NA,,NA,,NA,18.345,0.447,0.338,19.24,19.02,40.999,54.343,0.995,1.42,0.222,6.412,34,19,1.79,24,79,1.543,29.9,47.3,3.262,108.685,-180.29,0,3,0,M,35
255,NA,,NA,,NA,,NA,20.653,0.263,0.25,21.179,21.153,78.451,82.664,3.816,0.471,0.228,2.07,59,28,2.11,23,131,2.311,35,52.6,4.394,165.328,-187.533,0,3,0,M,35
256,NA,,NA,,NA,,NA,10.775,0.37,0.314,11.515,11.402,29.124,34.344,0.293,1.603,0.137,11.664,45,23,1.96,21,99,1.93,32.2,47.3,4.08,68.687,-166.948,1,1,0,M,35
257,NA,,NA,,NA,,NA,38.161,0.936,0.85,40.032,39.86,40.785,44.917,1.219,0.506,0.473,1.071,41,29,1.41,29,174,1.849,33.5,52.5,3.522,89.833,-187.587,0,4,0,M,35
258,NA,,NA,,NA,,NA,41.641,0.739,0.671,43.119,42.982,56.341,62.068,3.164,0.731,0.415,1.759,35,20,1.75,18,152,2.127,34.3,51.7,4.114,124.137,-193.116,0,5,0,M,35
259,NA,,NA,,NA,,NA,23.83,0.236,0.214,24.301,24.258,101.108,111.251,3.99,0.546,0.388,1.407,53,21,2.52,21,164,1.457,27.5,32.9,4.429,222.503,-193.458,0,2,0,M,35
260,NA,,NA,,NA,,NA,36.272,0.522,0.477,37.317,37.227,69.464,75.995,2.902,0.731,0.402,1.821,30,18,1.67,21,166,1.399,23.6,33,4.239,151.99,-193.983,0,4,0,M,35
261,NA,,NA,,NA,,NA,60.02,1.718,1.636,63.456,63.291,34.938,36.694,1.302,0.881,0.282,3.127,43,28,1.54,27,86,1.702,26,36.1,4.715,73.387,-190.961,0,3,0,M,35
262,NA,,NA,,NA,,NA,34.195,0.918,0.819,36.031,35.833,37.249,41.761,2.758,0.732,0.267,2.746,40,24,1.67,16,137,1.744,31.9,44,3.964,83.523,-185.129,0,4,1,M,35
263,NA,,NA,,NA,,NA,38.473,0.478,0.471,39.43,39.415,80.406,81.72,2.064,0.6,0.295,2.037,38,24,1.58,30,274,2.228,29.1,43.4,5.134,163.44,-195.754,0,5,0,M,35
264,NA,,NA,,NA,,NA,55.099,0.572,0.528,56.243,56.155,96.378,104.411,2.544,0.713,0.152,4.691,38,22,1.73,NA,110,2.143,29.4,51.4,4.169,208.821,-203.889,0,4,0,M,35
265,NA,,NA,,NA,,NA,43.37,0.593,0.517,44.557,44.404,73.104,83.88,2.626,0.675,0.419,1.61,44,27,1.63,18,130,1.824,29.7,52.6,3.468,167.76,-197.718,0,4,0,M,35
266,NA,,NA,,NA,,NA,44.1,1.262,1.152,46.624,46.404,34.942,38.288,1.869,1.044,0.231,4.511,48,21,2.29,24,119,1.972,34.1,42.2,4.673,76.577,-187.385,0,5,0,M,35
267,NA,,NA,,NA,,NA,22.193,0.326,0.317,22.844,22.826,68.175,70.117,2.874,0.712,0.379,1.878,41,19,2.16,23,128,2.278,32,47.5,4.796,140.235,-186.285,0,2,0,M,35
268,NA,,NA,,NA,,NA,22.644,0.282,0.248,23.207,23.139,80.415,91.449,1.429,0.797,0.242,3.292,52,60,0.87,14,85,2.325,31.1,42,5.536,182.897,-190.132,0,1,0,M,35
269,NA,,NA,,NA,,NA,47.366,0.589,0.502,48.544,48.371,80.451,94.272,1.507,0.68,0.35,1.944,45,29,1.55,20,123,1.56,27.2,41.4,3.768,188.544,-200.477,0,4,0,M,35
270,NA,,NA,,NA,,NA,24.326,0.399,0.265,25.124,24.855,60.985,91.899,2.233,0.752,0.412,1.828,53,27,1.96,22,132,1.503,27.7,36.1,4.163,183.797,-191.163,0,2,0,M,35
271,NA,,NA,,NA,,NA,16.901,0.233,0.219,17.367,17.339,72.583,77.276,2.344,0.843,0.24,3.508,36,19,1.89,22,99,1.309,21.8,29.3,4.468,154.552,-183.927,0,3,0,M,35
272,NA,,NA,,NA,,NA,27.457,0.376,0.321,28.208,28.099,73.091,85.449,3.243,0.822,0.295,2.79,34,20,1.7,23,78,1.605,28.6,38.4,4.18,170.899,-191.813,0,0,0,M,35
273,NA,,NA,,NA,,NA,35.021,0.624,0.577,36.268,36.174,56.162,60.722,2.835,1.192,0.286,4.166,50,33,1.52,21,301,2.745,38.9,55.2,4.973,121.444,-190.49,1,4,0,M,35
274,NA,,NA,,NA,,NA,46.844,0.621,0.473,48.086,47.789,75.422,99.106,1.517,0.749,0.144,5.188,40,36,1.11,25,372,2.262,29.2,41.4,5.464,198.213,-201.001,3,4,0,M,35
275,NA,,NA,,NA,,NA,30.586,0.268,0.248,31.121,31.081,114.326,123.569,2.045,1.135,0.454,2.497,37,20,1.85,28,130,1.665,32.5,49.5,3.364,247.139,-198.232,0,4,0,M,35
276,NA,,NA,,NA,,NA,30.411,0.516,0.467,31.444,31.345,58.904,65.165,1.967,0.81,0.236,3.435,53,34,1.56,23,86,1.813,28,44.2,4.102,130.33,-189.54,0,2,0,M,35
277,NA,,NA,,NA,,NA,45.681,0.891,0.807,47.462,47.295,51.292,56.606,2.919,0.537,0.367,1.463,37,22,1.68,23,128,1.518,26.5,44.7,3.396,113.211,-193.122,0,4,0,M,35
278,NA,,NA,,NA,,NA,48.52,0.765,0.652,50.051,49.825,63.387,74.381,1.83,0.491,0.573,0.857,39,26,1.5,24,205,2.395,32.5,56.5,4.239,148.762,-197.611,0,5,0,M,35
279,NA,,NA,,NA,,NA,29.96,0.362,0.348,30.684,30.657,82.818,86.033,2.006,0.89,0.302,2.945,47,24,1.96,20,100,2.103,27.7,42.3,4.972,172.065,-193.079,0,3,0,M,35
281,NA,,NA,,NA,,NA,26.696,0.377,0.314,27.451,27.325,70.743,84.942,1.028,0.864,0.229,3.766,52,29,1.79,23,95,1.747,28.3,35.1,4.977,169.884,-191.355,0,3,0,M,35
282,NA,,NA,,NA,,NA,24.812,0.497,0.416,25.806,25.643,49.887,59.712,2.856,0.534,0.253,2.112,52,17,3.06,17,76,1.869,32,40.9,4.57,119.425,-185.624,0,3,0,M,35
283,NA,,NA,,NA,,NA,34.988,0.896,0.767,36.78,36.522,39.042,45.624,3.926,0.693,0.52,1.332,48,35,1.37,25,96,2.267,29.5,42.8,5.297,91.248,-186.628,0,4,0,M,35
284,NA,,NA,,NA,,NA,27.972,0.508,0.494,28.989,28.96,55.031,56.648,3.249,0.715,0.224,3.19,38,31,1.23,28,97,1.727,28.1,36.2,4.771,113.296,-186.529,0,4,0,M,35
285,NA,,NA,,NA,,NA,59.3,0.873,0.833,61.046,60.965,67.914,71.203,2.123,0.543,0.237,2.29,41,23,1.78,17,111,2.517,36.3,46.2,5.448,142.407,-199.724,0,3,0,M,35
286,NA,,NA,,NA,,NA,25.433,0.515,0.451,26.463,26.335,49.406,56.39,3.118,0.727,0.223,3.263,33,20,1.65,21,97,1.704,31.5,39.6,4.303,112.779,-185.187,0,2,0,M,35
288,NA,,NA,,NA,,NA,23.424,0.555,0.44,24.535,24.305,42.176,53.211,1.472,0.574,0.206,2.788,50,29,1.72,29,106,2.355,37.7,46.2,5.097,106.422,-183.298,0,3,1,M,35
289,NA,,NA,,NA,,NA,37.092,0.383,0.375,37.859,37.842,96.728,98.964,5.23,0.502,0.481,1.043,48,28,1.71,17,169,3.113,28.3,50.3,6.189,197.928,-197.839,0,4,0,M,35
291,NA,,NA,,NA,,NA,29.498,0.579,0.565,30.655,30.629,50.985,52.165,2.278,1.081,0.368,2.94,54,30,1.8,26,352,3.713,37,60,6.188,104.33,-186.134,2,4,0,M,35
292,NA,,NA,,NA,,NA,20.62,0.504,0.46,21.628,21.54,40.925,44.824,2.851,0.444,0.233,1.909,43,33,1.3,20,94,1.917,33.9,44.1,4.347,89.648,-179.272,0,3,0,M,35
293,NA,,NA,,NA,,NA,41.094,0.832,0.693,42.758,42.479,49.397,59.323,2.383,0.573,0.327,1.751,43,25,1.72,18,111,1.17,20.9,25.7,4.553,118.645,-192.329,0,3,0,M,35
294,NA,,NA,,NA,,NA,32.322,0.453,0.436,33.228,33.193,71.327,74.201,4.598,0.433,0.558,0.777,47,20,2.35,19,130,1.43,33.1,43.8,3.265,148.401,-192.109,0,3,0,M,35
295,NA,,NA,,NA,,NA,19.883,0.299,0.255,20.48,20.394,66.584,77.857,3.301,0.445,0.277,1.603,36,31,1.16,27,309,2.679,35.2,58.1,4.611,155.713,-186.215,0,4,0,M,35
296,NA,,NA,,NA,,NA,43.12,0.798,0.683,44.716,44.487,54.038,63.12,3.11,1.793,0.021,85.968,49,22,2.23,22,79,1.391,21.2,33.6,4.14,126.239,-193.812,2,2,0,F,35
297,NA,,NA,,NA,,NA,33.782,0.495,0.435,34.772,34.651,68.254,77.717,3.482,1.401,0.262,5.348,37,17,2.18,22,110,1.921,24.4,35.3,5.442,155.433,-193.327,1,4,0,F,35
298,NA,,NA,,NA,,NA,20.079,0.228,0.213,20.535,20.505,88.049,94.38,1.567,1.893,NA,NA,63,23,2.74,24,65,1.108,19.7,29.4,3.769,188.76,-188.938,0,1,0,F,35
299,NA,,NA,,NA,,NA,28.855,0.382,0.34,29.619,29.535,75.532,84.883,3.397,1.173,0.076,15.389,51,26,1.96,21,100,1.31,22.1,35.5,3.69,169.766,-192.392,1,3,0,F,35
300,NA,,NA,,NA,,NA,27.106,0.364,0.212,27.835,27.53,74.432,128.107,1.876,0.997,0.141,7.058,43,19,2.26,24,105,1.1,19.8,33.9,3.245,256.214,-197.092,1,3,1,F,35
301,NA,,NA,,NA,,NA,35.751,0.572,0.482,36.895,36.714,62.514,74.213,1.769,1.438,0.213,6.765,48,22,2.18,26,85,1.651,21.8,35,4.717,148.427,-193.469,0,5,0,F,35
302,NA,,NA,,NA,,NA,16.37,0.287,0.276,16.944,16.922,57.093,59.304,6.717,1.729,0.203,8.513,44,23,1.91,28,99,1.509,23.9,40.1,3.763,118.609,-179.933,0,3,0,F,35
303,NA,,NA,,NA,,NA,28.888,0.422,0.361,29.732,29.61,68.419,79.956,2.325,1.117,0.343,3.257,51,21,2.43,21,119,1.325,23.4,35.2,3.764,159.912,-191.602,0,3,0,F,35
304,NA,,NA,,NA,,NA,22.066,0.377,0.295,22.82,22.656,58.509,74.809,2.512,1.442,0.1,14.366,NA,23,NA,25,100,1.341,25.1,45.3,2.96,149.619,-187.08,0,4,0,F,35
305,NA,,NA,,NA,,NA,20.325,0.458,0.31,21.241,20.945,44.381,65.554,1.84,1.256,0.164,7.658,49,18,2.72,20,95,1.425,23.5,36.7,3.883,131.108,-184.195,1,3,0,F,35
306,NA,,NA,,NA,,NA,18.048,0.3,0.281,18.648,18.61,60.132,64.198,2.114,1.021,0.018,56.245,54,35,1.54,29,100,1.369,24,32.1,4.265,128.395,-182.314,0,3,0,F,35
308,NA,,NA,,NA,,NA,40.335,0.516,0.477,41.367,41.289,78.225,84.581,2.105,2.424,NA,NA,50,27,1.85,20,93,1.589,25.4,30.9,5.142,169.163,-196.854,0,2,2,F,35
309,NA,,NA,,NA,,NA,19.84,0.394,0.287,20.628,20.413,50.333,69.23,1.963,1.677,NA,NA,61,27,2.26,24,97,1.155,19.7,30.1,3.837,138.461,-184.605,0,3,0,F,35
310,NA,,NA,,NA,,NA,25.485,0.507,0.326,26.499,26.137,50.277,78.23,2.791,2.066,NA,NA,46,19,2.42,21,91,0.901,20.6,23.2,3.884,156.459,-189.621,0,1,0,F,35
311,NA,,NA,,NA,,NA,21.751,0.353,0.335,22.456,22.422,61.705,64.872,3.663,1.976,0.045,43.548,55,27,2.04,22,106,1.3,22,29.7,4.377,129.743,-184.968,0,3,0,F,35
312,NA,,NA,,NA,,NA,15.925,0.313,0.268,16.552,16.462,50.826,59.317,2.753,1.728,NA,NA,40,20,2,23,82,1.306,21.9,35.2,3.71,118.634,-179.565,1,3,1,F,35
313,NA,,NA,,NA,,NA,30.725,0.552,0.501,31.83,31.726,55.626,61.357,2.091,1.735,0.011,161.363,50,33,1.52,29,77,1.688,26.1,45,3.751,122.715,-188.868,1,3,0,F,35
314,NA,,NA,,NA,,NA,17.862,0.524,0.432,18.909,18.725,34.109,41.368,0.79,1.422,0.034,42.078,42,20,2.1,22,105,1.263,22.2,27.4,4.609,82.736,-176.258,0,3,0,F,35
315,NA,,NA,,NA,,NA,24.73,0.311,0.299,25.352,25.328,79.45,82.645,2.431,1.625,0.04,41.126,56,25,2.24,23,83,1.427,23.8,42.7,3.342,165.29,-189.955,0,4,0,F,35
316,NA,,NA,,NA,,NA,35.999,0.632,0.601,37.263,37.202,56.94,59.862,1.903,1.93,0.095,20.374,44,25,1.76,22,84,1.634,24.4,39.2,4.168,119.724,-190.669,0,4,0,F,35
317,NA,,NA,,NA,,NA,22.289,0.486,0.432,23.262,23.154,45.857,51.561,1.86,2.261,0.027,83.817,65,43,1.51,21,91,1.881,25.9,44.8,4.199,103.122,-182.205,0,2,0,F,35
318,NA,,NA,,NA,,NA,42.059,0.712,0.582,43.484,43.224,59.044,72.233,1.613,2.007,0.016,126.88,37,17,2.18,22,74,1.645,26.7,47.8,3.441,144.466,-195.292,0,5,0,F,35
319,NA,,NA,,NA,,NA,33.31,0.43,0.42,34.17,34.151,77.474,79.254,0.304,1.612,0.034,46.997,47,30,1.57,27,120,2.112,22.7,42.7,4.946,158.507,-193.401,0,4,0,F,35
320,NA,,NA,,NA,,NA,25.803,0.274,0.216,26.35,26.235,94.318,119.406,1.586,1.744,0.043,40.932,41,21,1.95,22,103,1.272,28.3,43.4,2.931,238.811,-195.481,0,3,0,F,35
321,NA,,NA,,NA,,NA,36.225,0.569,0.524,37.363,37.272,63.633,69.173,2.231,1.518,0.049,31.273,56,39,1.44,27,142,2.361,26.1,51.2,4.611,138.346,-192.699,0,4,0,F,35
322,NA,,NA,,NA,,NA,23.31,0.494,0.424,24.298,24.158,47.214,54.968,2.807,1.298,0.036,36.534,45,26,1.73,24,114,1.676,28.5,49.3,3.4,109.937,-183.669,1,3,0,F,35
323,NA,,NA,,NA,,NA,20.95,0.263,0.247,21.476,21.443,79.634,84.843,1.554,1.519,0.016,96.059,52,17,3.06,20,95,1.356,23.1,37.6,3.606,169.686,-188.075,0,2,0,F,35
324,NA,,NA,,NA,,NA,38.992,0.496,0.455,39.984,39.901,78.615,85.769,1.266,1.856,0.023,80.082,31,16,1.94,24,98,1.144,25,41.1,2.783,171.537,-196.585,0,2,0,F,35
325,NA,,NA,,NA,,NA,32.633,0.556,0.486,33.745,33.606,58.723,67.085,1.392,1.877,0.131,14.376,52,37,1.41,26,68,1.625,25.9,42.9,3.788,134.17,-190.881,1,4,0,F,35
326,NA,,NA,,NA,,NA,41.871,0.606,0.536,43.082,42.943,69.124,78.052,0.512,1.742,0.02,85.645,36,23,1.57,20,142,2.226,24.6,35.9,6.201,156.104,-196.275,0,3,0,F,35
328,NA,,NA,,NA,,NA,13.934,0.24,0.211,14.415,14.356,57.945,65.981,0.754,1.4,NA,NA,45,22,2.05,24,85,1.264,19.4,33.9,3.729,131.961,-179.2,0,3,0,F,35
329,NA,,NA,,NA,,NA,21.872,0.335,0.28,22.541,22.431,65.375,78.226,0.774,1.921,NA,NA,36,20,1.8,17,115,1.123,23.5,34.9,3.218,156.452,-187.562,0,2,0,F,35
330,NA,,NA,,NA,,NA,27.208,0.425,0.37,28.058,27.948,64.032,73.505,2.678,1.791,0.148,12.126,46,32,1.44,20,96,2.001,29.5,43.3,4.621,147.011,-189.663,0,3,1,F,35
331,NA,,NA,,NA,,NA,34.974,0.352,0.332,35.678,35.638,99.374,105.349,1.95,1.128,0.093,12.189,82,23,3.57,17,99,1.381,18.7,28.5,4.846,210.698,-197.89,0,4,0,F,35
332,NA,,NA,,NA,,NA,32.639,0.319,0.283,33.278,33.206,102.166,115.3,2.851,1.266,0.156,8.123,42,22,1.91,22,90,1.688,24.4,43.8,3.854,230.601,-198.175,1,4,0,F,35
333,NA,,NA,,NA,,NA,16.008,0.325,0.262,16.657,16.531,49.283,61.173,1.716,1.213,0.151,8.045,44,22,2,16,107,1.42,23.6,30.1,4.718,122.345,-180.05,0,4,0,F,35
334,NA,,NA,,NA,,NA,24.424,0.504,0.428,25.431,25.28,48.5,57.068,1.255,1.408,NA,NA,49,21,2.33,19,82,1.62,25.2,30.4,5.329,114.136,-184.802,1,3,0,F,35
335,NA,,NA,,NA,,NA,22.57,0.322,0.31,23.215,23.19,70.04,72.848,1.71,1.208,0.116,10.43,39,23,1.7,20,110,1.418,24.4,46.9,3.023,145.696,-187.026,0,3,0,F,35
336,NA,,NA,,NA,,NA,29.852,0.445,0.392,30.741,30.637,67.139,76.072,1.444,0.602,0.16,3.759,46,19,2.42,20,84,1.449,24.2,34,4.262,152.145,-191.374,0,3,0,F,35
337,NA,,NA,,NA,,NA,30.424,0.326,0.212,31.076,30.849,93.388,143.239,1.544,1.341,0.106,12.626,119,30,3.97,25,89,1.258,24.6,30.8,4.084,286.479,-200.15,0,3,0,F,35
338,NA,,NA,,NA,,NA,38.306,0.578,0.493,39.462,39.292,66.313,77.758,1.028,1.189,0.092,12.995,58,56,1.04,27,94,1.777,23.1,38.3,4.64,155.516,-195.026,0,3,1,F,35
339,NA,,NA,,NA,,NA,11.532,0.152,0.14,11.837,11.813,75.779,82.21,1.648,1.24,NA,NA,50,20,2.5,26,84,1.51,24.4,41.7,3.621,164.419,-179.614,0,4,1,F,35
340,NA,,NA,,NA,,NA,49.8,0.681,0.64,51.163,51.081,73.118,77.768,1.92,1.36,0.105,12.939,67,28,2.39,24,83,1.183,19.3,24.4,4.848,155.536,-198.561,0,2,0,F,35
341,NA,,NA,,NA,,NA,21.391,0.334,0.269,22.06,21.928,63.962,79.622,1.704,0.926,0.214,4.317,50,21,2.38,33,82,1.915,24.5,36.3,5.275,159.244,-187.501,0,4,0,F,35
342,NA,,NA,,NA,,NA,40.587,0.591,0.492,41.769,41.571,68.671,82.517,1.616,1.039,0.126,8.256,50,24,2.08,27,97,1.405,19.5,38.2,3.678,165.035,-196.605,0,3,0,F,35
343,NA,,NA,,NA,,NA,34.281,0.488,0.479,35.258,35.239,70.238,71.624,2.465,1.666,0.106,15.775,42,24,1.75,18,84,2.671,36.6,54.3,4.919,143.247,-192.425,0,4,0,F,35
344,NA,,NA,,NA,,NA,24.942,0.414,0.369,25.769,25.681,60.319,67.552,1.887,1.379,0.104,13.232,66,33,2,21,125,1.547,24.1,39.2,3.946,135.104,-187.356,0,3,0,F,35
345,NA,,NA,,NA,,NA,30.013,0.598,0.525,31.208,31.062,50.228,57.187,1.686,1.049,0.094,11.18,45,19,2.37,21,108,1.556,23.3,34.4,4.523,114.373,-187.605,0,4,0,F,35
346,NA,,NA,,NA,,NA,22.108,0.435,0.379,22.978,22.866,50.844,58.32,1.169,1.142,0.09,12.705,39,24,1.63,25,85,2.355,27.2,46.2,5.097,116.639,-183.753,0,4,0,F,35
347,NA,,NA,,NA,,NA,27.955,0.522,0.51,29,28.976,53.55,54.781,1.077,1.033,0.061,16.87,50,22,2.27,20,105,1.42,21.3,34.7,4.092,109.562,-186.07,1,3,1,F,35
348,NA,,NA,,NA,,NA,20.041,0.324,0.286,20.688,20.613,61.944,70.073,2.367,1.076,0.235,4.584,43,22,1.95,20,88,1.804,32,38.6,4.674,140.146,-184.903,0,3,0,F,35
349,NA,,NA,,NA,,NA,18.252,0.357,0.283,18.965,18.818,51.191,64.511,3.063,1.288,0.012,110.527,44,20,2.2,24,92,1.542,24.2,46.2,3.338,129.023,-182.531,0,4,0,F,35
350,NA,,NA,,NA,,NA,34.736,0.832,0.715,36.401,36.167,41.738,48.552,4.322,1.215,0.088,13.879,39,20,1.95,22,85,1.44,24.7,44,3.273,97.104,-187.369,0,4,0,F,35
351,NA,,NA,,NA,,NA,29.084,0.408,0.392,29.899,29.868,71.325,74.137,2.506,1.471,NA,NA,40,22,1.82,18,100,1.351,23.7,33.4,4.045,148.274,-190.676,0,3,1,F,35
352,NA,,NA,,NA,,NA,31.956,0.505,0.471,32.967,32.898,63.256,67.879,2.123,1.24,0.111,11.175,56,28,2,21,84,1.765,24.6,40.8,4.326,135.758,-190.757,3,4,0,F,35
353,NA,,NA,,NA,,NA,17.101,0.26,0.185,17.62,17.471,65.875,92.35,3.141,1.441,0.014,106.043,58,29,2,22,79,1.132,20.8,26.2,4.321,184.7,-186.484,0,1,0,F,35
354,NA,,NA,,NA,,NA,28.043,0.764,0.66,29.571,29.363,36.701,42.476,3.338,1.386,0.094,14.691,28,14,2,22,118,1.455,28,47,3.096,84.953,-182.687,0,4,1,F,35
355,NA,,NA,,NA,,NA,20.388,0.344,0.333,21.076,21.054,59.255,61.228,2.396,1.314,0.022,58.83,56,25,2.24,21,80,1.572,23,37.1,4.237,122.455,-183.318,0,3,0,F,35
356,NA,,NA,,NA,,NA,30.39,0.47,0.416,31.331,31.221,64.622,73.139,2.239,1.326,NA,NA,47,21,2.24,21,95,1.35,24.5,30,4.5,146.277,-191.085,0,3,0,F,35
357,NA,,NA,,NA,,NA,42.018,0.655,0.601,43.328,43.221,64.146,69.882,3.422,1.451,0.023,63.767,43,26,1.65,24,107,1.884,26.9,52.8,3.568,139.765,-194.834,1,4,0,F,35
358,NA,,NA,,NA,,NA,24.258,0.426,0.323,25.11,24.904,56.964,75.057,1.565,1.526,0.026,58.677,70,42,1.67,19,75,1.147,18.7,24.2,4.74,150.114,-188.4,0,3,0,F,35
359,NA,,NA,,NA,,NA,30.199,0.244,0.207,30.686,30.612,123.855,146.051,2.298,1.603,0.044,36.595,49,25,1.96,25,101,1.753,22.2,39.1,4.483,292.101,-200.311,0,4,0,F,35
361,NA,,NA,,NA,,NA,24.94,0.545,0.492,26.03,25.924,45.751,50.694,3.338,1.451,0.029,50.363,70,31,2.26,26,102,1.124,19,27.1,4.148,101.389,-183.489,0,4,0,F,35
362,NA,,NA,,NA,,NA,29.422,0.583,0.517,30.588,30.456,50.473,56.902,2.94,1.175,0.244,4.824,45,33,1.36,20,117,1.911,25.5,49.5,3.861,113.803,-187.27,1,4,0,F,35
363,NA,,NA,,NA,,NA,27.407,0.441,0.307,28.29,28.022,62.083,89.159,3.116,1.065,0.023,45.669,57,19,3,18,112,1.343,24.7,34.2,3.927,178.318,-192.361,0,4,0,F,35
364,NA,,NA,,NA,,NA,18.704,0.387,0.285,19.478,19.273,48.3,65.65,3.157,1.057,0.175,6.03,48,20,2.4,25,92,1.136,20.2,33,3.442,131.299,-183.096,0,4,0,F,35
365,NA,,NA,,NA,,NA,25.518,0.561,0.484,26.639,26.485,45.505,52.752,1.996,1.06,0.121,8.784,54,23,2.35,19,137,1.646,21.7,41.8,3.938,105.504,-184.333,0,4,0,F,35