Mouse,Generation,Sex,Steatosis,Hydropic Degeneration,Inflammation,Liver GSH (nmol/mg),Liver GSSG (nmol/mg),Liver Total Glutathione (nmol/mg),Liver GSH/GSSG,Liver Eh (mV),Renal Total Glutathione (nmol/mg),Renal GSH (nmol/mg),Renal GSSG (nmol/mg),Renal GSH/GSSG,Renal Eh (mV)
1,30,M,0,4,1,46.189,0.441,47.071,104.688,-201.549,17.819,17.232,0.293,58.746,-180.497
2,30,M,0,4,0,60.649,0.526,61.701,115.305,-206.517,14.922,14.566,0.178,81.846,-182.699
3,30,M,0,4,0,109.341,1.121,111.584,97.5,-212.193,17.98,17.596,0.192,91.689,-186.772
4,30,M,0,2,2,83.233,0.71,84.653,117.201,-210.998,18.263,17.856,0.203,87.918,-186.404
5,30,M,0,3,2,30.433,0.509,31.451,59.798,-188.393,19.181,18.927,0.127,149.191,-194.308
6,30,M,0,0,3,54.483,0.575,55.632,94.831,-202.441,22.864,22.435,0.214,104.744,-191.835
7,30,M,0,4,2,43.243,0.451,44.145,95.786,-199.466,23.621,23.106,0.257,89.757,-190.153
8,30,M,0,2,2,38.471,0.495,39.461,77.696,-195.073,21.562,20.874,0.344,60.65,-183.507
9,30,M,0,2,3,44.49,0.646,45.782,68.878,-195.409,24.688,24.21,0.239,101.32,-192.412
10,30,M,0,3,1,63.417,0.635,64.686,99.94,-205.192,18.504,18.267,0.118,154.263,-194.28
11,30,M,0,3,2,97.954,1.313,100.58,74.61,-207.11,28.403,27.892,0.256,109.023,-195.305
12,30,M,0,4,2,73.065,0.853,74.772,85.642,-205.02,NA,NA,NA,NA,NA
13,30,M,0,3,1,37.024,0.485,37.995,76.275,-194.309,25.84,25.18,0.33,76.326,-189.128
14,30,M,0,4,2,113.359,1.937,117.232,58.53,-205.809,18.821,18.134,0.343,52.833,-179.756
15,30,M,0,1,3,43.777,0.623,45.024,70.228,-195.453,19.874,19.597,0.138,141.623,-194.075
16,30,M,0,0,1,56.383,1.139,58.661,49.507,-194.152,19.505,19.13,0.187,102.26,-189.366
17,30,M,0,2,3,31.545,0.501,32.546,63.018,-189.582,20.264,19.771,0.246,80.27,-186.55
18,30,M,3,2,1,64.133,1.388,66.909,46.196,-194.954,16.393,15.562,0.416,37.418,-173.051
19,30,M,0,3,2,94.55,0.997,96.544,94.805,-209.859,16.567,16.249,0.159,102.083,-187.145
20,30,M,0,3,2,40.377,0.517,41.411,78.071,-195.789,31.045,30.422,0.312,97.651,-194.991
21,30,M,0,4,3,41.869,0.429,42.728,97.55,-199.277,13.999,13.703,0.148,92.41,-183.51
22,30,M,0,3,2,100.066,2.059,104.184,48.607,-201.629,24.133,23.858,0.137,173.825,-199.482
23,30,M,0,5,2,71.729,1.098,73.924,65.348,-201.131,20.975,20.741,0.117,177.9,-197.909
24,30,M,0,3,1,80.849,0.918,82.685,88.041,-206.755,17.379,17.061,0.159,107.116,-188.449
25,30,M,0,2,3,61.53,0.734,62.999,83.788,-202.412,24.646,23.496,0.575,40.878,-179.789
26,NA,NA,NA,NA,NA,NA,NA,NA,NA,NA,NA,NA,NA,NA,NA
27,30,M,0,4,0,68.346,1.47,71.286,46.492,-195.897,13.423,13.118,0.152,86.157,-181.98
28,30,M,0,4,2,99.552,1.097,101.746,90.745,-209.964,15.493,15.122,0.186,81.491,-183.144
29,30,M,0,3,3,66.534,0.603,67.739,110.391,-207.177,17.719,17.249,0.235,73.508,-183.528
30,30,M,0,1,1,19.669,0.213,20.094,92.445,-188.381,19.045,18.438,0.303,60.755,-181.86
31,30,M,0,4,1,73.372,1.662,76.696,44.151,-196.157,23.36,22.394,0.483,46.34,-180.831
32,30,M,2,3,1,42.164,0.809,43.781,52.134,-190.936,28.683,27.742,0.471,58.956,-186.955
33,30,M,1,4,2,94.989,1.854,98.696,51.248,-201.64,21.74,20.97,0.385,54.465,-182.121
34,30,M,1,0,1,18.045,0.239,18.523,75.506,-184.496,NA,NA,NA,NA,NA
35,30,M,1,2,2,59.811,1.21,62.232,49.413,-194.921,26.465,25.193,0.636,39.605,-180.302
36,30,M,3,3,2,33.472,0.575,34.621,58.251,-189.321,24.299,23.283,0.508,45.834,-181.207
37,NA,NA,NA,NA,NA,NA,NA,NA,NA,NA,NA,NA,NA,NA,NA
38,30,M,0,0,2,9.843,0.17,10.183,57.836,-172.747,49.074,47.712,0.681,70.068,-196.581
39,30,M,0,4,2,52.436,0.632,53.7,82.948,-200.123,37.664,34.708,1.478,23.484,-177.579
40,NA,NA,NA,NA,NA,NA,NA,NA,NA,NA,NA,NA,NA,NA,NA
41,30,M,0,1,2,33.992,0.74,35.472,45.929,-186.329,32.566,31.808,0.379,83.945,-193.555
42,30,M,0,3,1,74.136,1.693,77.522,43.784,-196.184,30.414,29.673,0.37,80.091,-191.986
43,NA,NA,NA,NA,NA,NA,NA,NA,NA,NA,NA,NA,NA,NA,NA
44,30,M,0,5,2,41.694,0.674,43.043,61.841,-193.084,39.317,37.463,0.927,40.433,-185.922
45,30,M,3,3,2,57.554,0.595,58.744,96.683,-203.44,41.707,40.729,0.489,83.327,-196.783
46,30,M,0,0,1,39.251,1.018,41.288,38.543,-185.906,30.439,28.945,0.747,38.763,-181.882
47,30,M,0,2,4,58.81,0.982,60.774,59.864,-197.277,22.989,22.389,0.3,74.727,-187.261
48,30,M,3,1,1,67.772,1.141,70.053,59.407,-199.083,32.243,30.58,0.832,36.765,-181.909
49,30,F,0,0,4,65.096,0.754,66.603,86.383,-203.581,20.457,19.867,0.295,67.405,-184.264
50,30,F,0,0,2,66.203,1.44,69.083,45.984,-195.32,40.331,37.152,1.589,23.374,-178.432
51,30,F,0,2,3,38.048,0.325,38.697,117.133,-200.451,34.781,32.556,1.113,29.262,-179.679
52,30,F,0,0,4,43.485,0.551,44.586,78.973,-196.942,28.16,26.125,1.017,25.682,-174.959
53,30,F,0,1,2,47.974,0.664,49.301,72.288,-197.074,15.547,14.804,0.372,39.817,-173.215
54,30,F,0,1,2,78.195,1.321,80.838,59.179,-200.958,38.686,35.462,1.612,22.005,-176.993
55,30,F,0,4,2,58.039,1.022,60.082,56.816,-196.396,23.886,22.857,0.515,44.409,-180.533
56,30,F,0,1,1,41.333,0.48,42.292,86.18,-197.435,20.87,19.802,0.534,37.079,-176.173
57,30,F,0,1,3,54.147,0.597,55.34,90.721,-201.762,40.273,37.356,1.459,25.605,-179.733
58,NA,NA,NA,NA,NA,NA,NA,NA,NA,NA,NA,NA,NA,NA,NA
59,30,F,0,4,1,35.561,0.282,36.125,126.066,-200.531,45.835,43.863,0.986,44.479,-189.33
60,30,F,0,1,2,52.215,0.586,53.386,89.18,-201.042,35.223,33.84,0.692,48.936,-187.123
61,30,F,0,3,1,33.629,0.443,34.515,75.925,-192.952,29.548,27.418,1.065,25.744,-175.642
62,30,F,3,3,1,38.041,0.382,38.805,99.569,-198.262,23.453,22.478,0.488,46.092,-180.809
63,30,F,1,3,2,77.579,1.025,79.628,75.705,-204.167,28.605,27.883,0.361,77.141,-190.643
64,30,F,0,0,3,22.147,0.272,22.691,81.455,-188.275,26.68,25.504,0.588,43.408,-181.702
65,30,F,0,2,2,38.714,0.596,39.905,64.999,-192.756,22.955,22.398,0.279,80.368,-188.246
66,30,F,0,4,2,55.925,0.56,57.045,99.901,-203.494,20.002,18.962,0.52,36.472,-175.367
67,30,F,0,0,3,63.425,0.978,65.38,64.859,-199.373,24.293,23.619,0.337,70.102,-187.121
68,30,F,0,3,1,41.32,0.781,42.881,52.912,-190.863,18.852,17.815,0.519,34.328,-173.711
69,30,F,1,3,2,21.343,0.249,21.841,85.793,-188.476,19.388,18.715,0.337,55.559,-180.857
70,30,F,0,1,2,55.792,0.574,56.941,97.179,-203.091,45.67,44.401,0.634,70.011,-195.601
71,30,F,0,2,2,35.096,0.481,36.058,72.977,-192.994,40.579,39.774,0.403,98.81,-198.758
72,30,F,0,3,1,67.491,0.795,69.081,84.89,-203.833,14.084,13.583,0.25,54.311,-176.237
73,30,F,0,3,3,57.641,1.291,60.222,44.661,-193.062,16.961,16.418,0.271,60.475,-180.235
74,30,F,0,4,2,53.704,0.605,54.914,88.751,-201.355,25.587,25.238,0.175,144.339,-197.736
75,30,F,0,1,2,56.075,0.879,57.833,63.797,-197.492,15.196,14.911,0.142,104.848,-186.348
76,30,F,0,1,4,29.623,0.492,30.607,60.183,-188.116,12.377,12.103,0.137,88.222,-181.214
77,30,F,0,3,2,42.421,0.522,43.466,81.246,-196.991,19.974,18.56,0.707,26.261,-170.656
78,30,F,0,4,2,57.887,1.092,60.072,52.989,-195.422,28.561,25.779,1.391,18.533,-170.388
79,30,F,0,4,2,70.137,1.925,73.986,36.444,-192.967,22.542,21.592,0.475,45.453,-180.08
80,30,F,0,4,2,42.097,0.907,43.91,46.432,-189.355,21.846,20.806,0.52,40.025,-177.868
81,30,F,2,4,2,59.944,1.061,62.065,56.516,-196.759,20.307,19.481,0.413,47.161,-179.191
82,30,F,2,4,1,54.085,0.711,55.507,76.07,-199.375,28.363,27.36,0.502,54.548,-185.723
83,30,F,0,1,2,29.302,0.639,30.58,45.826,-184.3,29.135,28.458,0.339,84.035,-192.07
84,30,F,NA,NA,NA,17.017,0.434,17.886,39.173,-174.872,21.61,20.478,0.566,36.186,-176.297
85,30,F,0,2,1,41.923,0.562,43.046,74.651,-195.692,24.067,23.403,0.332,70.503,-187.074
86,30,F,0,0,2,58.666,0.924,60.514,63.481,-198.034,37.016,36.498,0.259,140.918,-202.38
87,30,F,0,4,3,58.6,0.877,60.354,66.814,-198.708,26.168,25.359,0.405,62.686,-186.573
88,30,F,0,3,2,30.238,0.392,31.021,77.236,-191.751,21.079,20.485,0.297,68.872,-184.965
89,30,F,0,3,3,48.668,1.203,51.074,40.466,-189.456,29.111,27.867,0.622,44.811,-183.323
90,30,F,0,4,2,53.045,0.347,53.739,152.98,-208.52,17.961,17.653,0.154,114.633,-189.822
91,30,F,0,4,3,38.296,1.072,40.439,35.74,-184.557,11.278,10.958,0.16,68.42,-176.454
92,30,F,0,2,3,37.858,0.8,39.458,47.314,-188.18,19.006,18.185,0.41,44.303,-177.422
93,30,F,1,4,4,60.273,1.323,62.92,45.549,-193.929,14.233,13.688,0.273,50.224,-175.287
94,30,F,0,4,3,58.15,0.884,59.917,65.792,-198.396,10.913,10.602,0.155,68.195,-175.965
95,30,F,0,3,2,75.541,1.027,77.595,73.539,-203.418,17.008,16.12,0.444,36.288,-173.112
96,30,F,0,5,3,44.915,0.58,46.075,77.44,-197.114,13.867,10.735,1.566,6.855,-145.203
97,30,F,0,3,2,55.868,1.752,59.371,31.894,-188.109,24.498,21.481,1.508,14.242,-164.387
98,30,F,0,3,3,44.531,1.039,46.609,42.863,-189.035,14.833,14.07,0.382,36.879,-171.499
99,32,M,0,4,2,40.565,0.498,41.56,81.486,-196.428,19.793,19.386,0.204,95.156,-188.575
100,NA,NA,NA,NA,NA,NA,NA,NA,NA,NA,19.279,18.796,0.241,77.861,-185.459
101,32,M,0,4,1,61.663,0.763,63.188,80.865,-201.963,22.433,22.018,0.207,106.154,-191.762
102,32,M,0,4,2,35.474,0.363,36.199,97.813,-197.081,11.692,10.876,0.408,26.656,-163.662
103,32,M,0,3,2,32.535,0.344,33.222,94.704,-195.482,24.54,24.06,0.24,100.177,-192.176
104,32,M,0,5,1,54.108,0.449,55.006,120.507,-205.574,18.461,18.006,0.227,79.156,-185.103
105,32,M,0,5,1,48.125,0.354,48.832,136.008,-205.626,22.64,22.181,0.229,96.667,-190.601
106,32,M,0,4,2,54.707,0.661,56.03,82.719,-200.657,19.889,19.095,0.397,48.082,-179.182
107,32,M,1,3,2,43.249,0.626,44.501,69.123,-195.076,18.653,18.422,0.115,159.978,-194.884
108,NA,NA,NA,NA,NA,NA,NA,NA,NA,NA,NA,NA,NA,NA,NA
109,32,M,0,4,2,82.234,0.538,83.31,152.937,-214.418,13.61,13.313,0.149,89.586,-182.704
110,32,M,0,2,1,38.11,0.573,39.255,66.564,-192.865,20.314,19.962,0.176,113.268,-191.316
111,32,M,0,2,2,70.993,0.723,72.44,98.148,-206.468,16.033,15.697,0.168,93.519,-185.5
112,NA,NA,NA,NA,NA,NA,NA,NA,NA,NA,NA,NA,NA,NA,NA
113,32,M,0,4,1,61.031,0.57,62.171,107.04,-205.6,14.524,14.022,0.251,55.864,-177.044
114,32,M,0,2,2,56.986,1.114,59.213,51.173,-194.741,20.648,20.103,0.272,73.788,-185.64
115,32,M,0,1,2,34.88,0.358,35.597,97.347,-196.79,15.024,14.665,0.179,81.768,-182.777
116,32,M,2,2,2,43.797,1.229,46.255,35.629,-186.322,23.031,22.483,0.274,82.096,-188.583
117,32,M,3,2,3,41.446,0.696,42.838,59.58,-192.502,11.607,11.432,0.088,130.651,-185.734
118,32,M,0,4,2,54.411,0.756,55.922,71.988,-198.713,17.322,16.807,0.257,65.277,-181.58
119,32,M,1,5,2,88.263,1.658,91.58,53.226,-201.161,21.056,20.387,0.335,60.884,-183.241
120,NA,NA,NA,NA,NA,NA,NA,NA,NA,NA,NA,NA,NA,NA,NA
121,32,M,0,2,2,39.004,0.359,39.721,108.685,-199.777,7.888,7.311,0.289,25.337,-157.632
122,32,M,0,2,2,58.994,0.916,60.826,64.401,-198.303,14.926,14.462,0.232,62.232,-178.913
123,32,M,0,3,1,65.42,0.774,66.967,84.537,-203.357,13.033,12.321,0.356,34.629,-168.865
124,32,M,0,3,1,62.07,0.983,64.036,63.157,-198.724,16.058,15.583,0.237,65.705,-180.65
125,32,M,0,3,2,56.214,0.584,57.382,96.244,-203.062,14.71,14.291,0.21,68.172,-179.98
126,32,M,1,4,1,88.607,1.457,91.521,60.803,-203.005,8.06,7.316,0.372,19.668,-154.232
127,32,M,1,4,1,37.275,0.584,38.444,63.784,-191.992,11.614,11.057,0.278,39.732,-169.258
128,32,M,0,3,0,65.643,1.463,68.57,44.854,-194.871,6.699,6.4,0.15,42.79,-162.895
129,32,M,0,5,1,58.592,0.624,59.84,93.864,-203.282,14.167,13.567,0.3,45.265,-173.767
130,32,M,0,1,2,69.616,0.942,71.499,73.931,-202.39,18.569,18.104,0.233,77.773,-184.938
131,32,M,0,4,1,34.452,0.292,35.035,118.009,-199.215,12.513,11.595,0.459,25.235,-163.786
132,32,M,0,3,2,59.103,0.805,60.712,73.434,-200.094,12.718,12.164,0.277,43.931,-171.896
133,32,M,0,3,2,52.55,0.637,53.824,82.479,-200.076,20.453,20.047,0.203,98.642,-189.511
134,32,M,0,2,2,65.318,0.417,66.151,156.81,-211.655,15.932,15.606,0.163,95.847,-185.753
135,32,M,1,5,1,52.914,0.752,54.418,70.369,-198.031,16.77,16.377,0.196,83.36,-184.523
136,32,M,0,1,3,52.433,0.364,53.16,144.187,-207.566,17.263,16.718,0.272,61.35,-180.673
137,32,M,0,3,2,67.826,0.564,68.955,120.168,-208.579,17.809,17.59,0.11,160.364,-194.293
138,32,M,0,3,2,NA,1.289,NA,NA,NA,13.446,13.196,0.125,105.445,-184.779
139,32,M,0,4,2,77.132,0.53,78.192,145.586,-212.893,17.591,16.95,0.32,52.895,-178.862
140,32,M,0,2,2,51.13,0.348,51.826,146.931,-207.481,22.67,22.074,0.298,74.159,-186.968
141,32,M,0,4,1,67.622,0.775,69.171,87.305,-204.237,14.391,14.079,0.156,90.148,-183.541
142,32,M,0,3,3,43.232,0.694,44.62,62.292,-193.669,11.343,10.797,0.273,39.577,-168.885
143,32,M,0,3,1,77.795,0.915,79.625,85.006,-205.764,25.157,24.427,0.365,66.935,-186.951
144,32,M,0,4,2,56.232,0.755,57.741,74.522,-199.622,15.408,14.762,0.323,45.702,-175.033
145,32,M,0,2,2,55.115,0.755,56.625,72.992,-199.073,16.208,15.203,0.502,30.267,-169.882
146,32,M,0,2,1,38.114,0.225,38.563,169.761,-205.471,20.031,18.939,0.546,34.708,-174.684
147,32,M,1,4,1,78.682,2.288,83.258,34.392,-193.734,17.873,17.19,0.342,50.335,-178.384
148,32,M,0,2,2,42.728,0.348,43.424,122.759,-202.645,23.734,21.795,0.97,22.479,-170.726
149,32,M,0,1,2,41.773,0.421,42.614,99.286,-199.483,23.729,23.045,0.342,67.39,-186.258
150,32,M,0,1,4,77.036,0.809,78.654,95.217,-207.16,16.571,15.11,0.731,20.675,-164.667
151,32,M,0,4,2,54.379,0.561,55.501,97.002,-202.721,27.81,27.169,0.321,84.707,-191.554
152,32,M,0,2,2,59.979,0.866,61.711,69.23,-199.499,20.382,19.68,0.351,56.058,-181.654
153,32,M,0,0,3,36.735,0.402,37.538,91.472,-196.649,10.265,9.941,0.162,61.509,-173.71
154,32,M,0,3,2,84.067,0.847,85.761,99.264,-208.896,16.22,15.85,0.185,85.649,-184.447
155,32,M,0,4,2,42.043,0.416,42.876,100.951,-199.794,12.52,12.208,0.156,78.416,-179.745
156,32,M,0,4,3,73.523,0.72,74.963,102.144,-207.477,9.171,8.56,0.306,27.993,-161.097
157,32,M,5,1,2,59.704,0.77,61.245,77.496,-200.956,16.163,15.872,0.146,108.786,-187.685
158,32,M,2,4,2,64.529,0.662,65.853,97.43,-205.084,19.421,19.14,0.141,136.197,-193.231
159,32,M,0,5,2,42.982,0.677,44.336,63.495,-193.849,24.037,23.537,0.25,94.142,-191.043
160,32,M,0,4,1,59.287,0.602,60.491,98.513,-204.092,14.479,13.85,0.315,44.036,-173.674
161,32,F,0,4,2,55.623,0.565,56.753,98.516,-203.234,23.109,22.434,0.338,66.431,-185.703
162,32,F,1,5,3,59.89,0.815,61.52,73.503,-200.285,24.058,23.452,0.303,77.446,-188.367
163,32,F,0,2,2,57.501,0.444,58.389,129.462,-207.358,19.825,19.072,0.377,50.626,-179.86
164,32,F,1,4,2,40.543,0.5,41.543,81.059,-196.35,22.744,21.967,0.388,56.596,-183.264
165,32,F,0,3,3,65.289,0.558,66.405,117.014,-207.707,17.42,16.522,0.449,36.781,-173.626
166,32,F,0,2,3,29.872,0.282,30.435,106.014,-195.851,11.158,10.521,0.319,33.024,-166.099
167,32,F,0,5,2,67.875,0.869,69.612,78.119,-202.79,18.858,18.151,0.354,51.326,-179.378
168,32,F,0,4,1,43.617,0.323,44.263,134.892,-204.191,11.549,10.962,0.294,37.302,-168.292
169,32,F,0,3,2,33.884,0.495,34.873,68.499,-191.668,7.648,7.161,0.244,29.368,-159.34
170,32,F,0,3,2,48.991,0.78,50.55,62.844,-195.472,20.976,20.56,0.208,98.835,-189.878
171,32,F,0,5,2,45.294,0.681,46.656,66.497,-195.176,12.335,11.819,0.258,45.806,-172.071
172,32,F,0,3,2,35.796,0.615,37.025,58.21,-190.216,16.432,15.81,0.311,50.848,-177.394
173,32,F,0,1,2,51.148,0.553,52.254,92.54,-201.262,22.868,22.236,0.316,70.468,-186.379
174,32,F,1,4,2,54.028,1.672,57.373,32.304,-187.83,19.101,18.754,0.174,107.98,-189.832
175,32,F,0,4,2,40.877,0.592,42.062,69.011,-194.294,14.404,13.806,0.299,46.163,-174.267
176,32,F,0,3,1,43.273,0.675,44.624,64.063,-194.06,23.295,22.485,0.405,55.465,-183.305
177,32,F,0,4,2,63.604,0.713,65.031,89.172,-203.697,11.113,9.887,0.613,16.122,-155.609
178,32,F,0,4,2,66.38,0.661,67.702,100.373,-205.865,27.961,26.729,0.616,43.4,-182.331
179,32,F,0,4,2,48.678,0.681,50.039,71.503,-197.123,8.661,7.859,0.401,19.592,-155.142
180,32,F,0,4,2,55.553,1.04,57.634,53.392,-194.97,17.365,16.552,0.407,40.716,-175.019
181,32,F,0,4,2,22.179,0.458,23.096,48.408,-181.289,25.284,24.784,0.25,99.142,-192.435
182,32,F,1,4,2,61.091,0.684,62.46,89.296,-203.173,20.267,19.739,0.264,74.754,-185.57
183,32,F,0,3,2,38.593,0.546,39.685,70.703,-193.846,21.539,21.04,0.249,84.396,-188.063
184,32,F,0,3,2,46.445,0.79,48.025,58.794,-193.857,22.524,21.92,0.302,72.51,-186.57
185,32,F,0,3,2,41.295,0.332,41.96,124.199,-202.342,12.132,11.615,0.259,44.926,-171.575
186,32,F,2,4,2,38.685,0.472,39.629,81.883,-195.855,20.164,19.555,0.304,64.236,-183.402
187,32,F,0,4,2,103.986,0.79,105.566,131.606,-215.556,26.997,26.184,0.406,64.442,-187.375
188,32,F,0,1,2,43.736,0.585,44.906,74.777,-196.285,21.282,20.39,0.446,45.726,-179.389
189,32,F,2,4,2,53.721,0.578,54.876,93.017,-201.992,21.576,21.116,0.23,91.85,-189.25
190,32,F,0,2,3,38.101,0.511,39.124,74.524,-194.382,9.685,8.799,0.443,19.851,-156.841
191,NA,NA,NA,NA,NA,NA,NA,NA,NA,NA,23.25,21.794,0.728,29.942,-174.585
192,32,F,0,4,2,51.069,0.288,51.646,177.181,-209.986,12.538,11.249,0.645,17.443,-158.406
193,32,F,0,2,3,48.404,0.58,49.565,83.435,-199.125,28.556,28.091,0.233,120.705,-196.771
194,32,F,0,4,1,46.726,0.42,47.565,111.349,-202.535,17.577,17.041,0.268,63.583,-181.412
195,32,F,0,2,3,34.508,0.525,35.559,65.682,-191.348,27.75,26.363,0.694,38.013,-180.36
196,32,F,0,4,1,65.85,0.525,66.9,125.492,-208.764,24.296,23.369,0.464,50.408,-182.537
197,32,F,0,2,2,43.049,0.546,44.14,78.871,-196.789,23.099,22.605,0.247,91.507,-190.117
198,32,F,0,1,2,53.834,0.808,55.449,66.641,-197.531,18.995,18.291,0.352,52.007,-179.659
199,32,F,0,4,1,50.428,0.606,51.641,83.156,-199.631,19.35,18.25,0.55,33.17,-173.574
200,32,F,0,3,2,54.852,0.745,56.342,73.668,-199.133,24.507,23.646,0.431,54.919,-183.85
201,32,F,0,4,1,35.503,0.268,36.04,132.278,-201.156,10.336,9.829,0.253,38.808,-167.357
202,32,F,0,3,3,60.38,0.794,61.968,76.028,-200.85,17.099,16.718,0.19,87.965,-185.525
203,32,F,0,2,2,36.232,0.348,36.928,104.078,-198.202,5.069,4.744,0.163,29.19,-153.714
204,32,F,0,5,2,55.042,1.341,57.724,41.043,-191.304,11.997,11.35,0.323,35.092,-167.938
205,32,F,0,2,2,36.084,0.575,37.233,62.786,-191.343,19.79,19.342,0.224,86.46,-187.255
206,32,F,0,3,2,53.802,0.541,54.884,99.446,-202.912,19.339,18.534,0.402,46.088,-178.21
207,32,F,0,3,2,31.572,0.523,32.618,60.35,-189.011,21.535,20.773,0.381,54.512,-182.006
208,32,F,0,3,3,55.098,0.694,56.486,79.4,-200.202,24.322,23.483,0.42,55.928,-184.002
209,32,F,0,4,3,64.002,0.488,64.977,131.285,-208.989,16.856,16.391,0.233,70.392,-182.258
210,32,F,0,1,2,55.141,0.878,56.898,62.782,-197.051,25.7,25.407,0.146,173.517,-200.305
211,32,F,0,3,3,96.583,0.859,98.301,112.411,-212.439,26.515,25.851,0.332,77.882,-189.753
212,32,F,0,2,2,61.955,0.942,63.838,65.78,-199.247,23.354,22.468,0.443,50.752,-182.1
213,32,F,0,3,2,67.464,0.933,69.329,72.347,-201.675,20.292,19.862,0.215,92.334,-188.496
214,32,F,0,2,3,39.903,0.274,40.451,145.509,-204.013,6.16,5.602,0.279,20.077,-150.914
215,32,F,1,4,4,59.79,0.866,61.523,69.012,-199.414,14.846,14.15,0.348,40.651,-172.886
216,32,F,0,4,2,57.831,0.72,59.272,80.296,-201.004,8.917,8.174,0.372,22.001,-157.232
217,32,F,0,4,2,43.658,0.49,44.637,89.139,-198.626,16.771,16.343,0.214,76.371,-183.316
218,32,F,0,3,3,44.523,0.389,45.301,114.409,-202.25,23.903,22.969,0.467,49.184,-181.974
219,32,F,0,2,3,53.59,0.681,54.951,78.745,-199.716,25.756,24.987,0.384,65.032,-186.868
220,32,F,1,4,1,49.146,0.618,50.382,79.498,-198.679,21.171,20.556,0.307,66.873,-184.616
221,35,M,0,3,1,22.848,0.226,23.301,101.011,-191.592,25.209,24.639,0.285,86.513,-190.522
222,35,M,0,4,1,33.624,0.437,34.498,76.926,-193.126,15.791,15.234,0.279,54.692,-177.875
223,35,M,0,4,2,34.073,0.551,35.175,61.836,-190.365,19.616,18.939,0.338,55.997,-181.123
224,35,M,1,5,2,55.034,0.794,56.621,69.333,-198.361,8.155,7.836,0.159,49.154,-167.487
225,35,M,0,2,2,41.679,0.448,42.575,93.065,-198.582,23.397,22.809,0.294,77.545,-188.009
226,35,M,0,3,2,29.607,0.368,30.343,80.415,-192.011,15.488,14.538,0.475,30.584,-169.42
227,35,M,0,4,1,31.405,0.588,32.581,53.406,-187.294,10.309,9.841,0.234,41.983,-168.431
228,35,M,0,3,2,51.874,0.648,53.169,80.106,-199.509,9.692,9.459,0.117,81.134,-176.768
229,35,M,0,2,2,19.938,0.357,20.651,55.922,-181.797,22.053,21.644,0.204,106.05,-191.518
230,35,M,0,3,2,46.674,0.588,47.851,79.32,-197.954,19.408,18.153,0.628,28.927,-171.66
231,35,M,0,4,1,29.083,0.343,29.769,84.761,-192.479,22.877,22.293,0.292,76.42,-187.505
232,35,M,1,4,1,22.039,0.431,22.901,51.102,-181.932,13.883,13.133,0.375,35.005,-169.869
233,35,M,0,4,2,48.495,0.543,49.581,89.308,-200.066,12.901,12.473,0.214,58.264,-176.034
234,NA,NA,NA,NA,NA,NA,NA,NA,NA,NA,NA,NA,NA,NA,NA
235,35,M,0,4,1,45.903,0.666,47.235,68.935,-195.841,14.47,13.932,0.269,51.841,-175.951
236,NA,NA,NA,NA,NA,NA,NA,NA,NA,NA,NA,NA,NA,NA,NA
237,35,M,0,2,2,46.832,0.63,48.091,74.378,-197.133,9.522,9.162,0.18,50.866,-170.053
238,35,M,0,3,2,28.389,0.283,28.954,100.396,-194.433,32.095,31.181,0.457,68.239,-190.498
239,35,M,0,2,2,40.083,0.491,41.066,81.582,-196.283,22.281,21.815,0.233,93.681,-189.955
240,35,M,0,2,1,42.521,0.719,43.959,59.148,-192.749,9.614,9.206,0.204,45.192,-168.525
241,35,M,0,3,1,32.713,0.581,33.876,56.269,-188.547,15.382,14.228,0.577,24.668,-166.236
242,35,M,0,3,3,13.477,0.153,13.784,87.819,-182.601,17.292,16.818,0.237,70.883,-182.698
243,35,M,0,3,1,23.411,0.309,24.029,75.797,-188.053,11.433,11.219,0.107,104.487,-182.471
244,35,M,1,3,1,26.854,0.352,27.557,76.342,-189.997,12.691,12.041,0.325,37.034,-169.459
245,35,M,0,3,2,42.735,0.619,43.974,68.999,-194.89,11.85,11.264,0.293,38.481,-169.077
246,35,M,0,3,3,31.367,0.389,32.146,80.531,-192.807,21.332,20.634,0.349,59.129,-183.01
247,35,M,0,4,1,34.295,0.483,35.261,71.009,-192.315,15.34,14.919,0.21,70.936,-181.095
248,35,M,0,3,2,37.326,0.5,38.327,74.616,-194.122,11.148,10.786,0.181,59.696,-174.405
249,35,M,0,5,1,41.394,0.634,42.662,65.295,-193.718,19.861,19.243,0.309,62.301,-182.774
250,35,M,0,2,2,42.903,0.608,44.119,70.547,-195.242,7.839,7.297,0.271,26.954,-158.439
251,35,M,0,2,1,38.872,0.622,40.116,62.492,-192.281,7.642,7.384,0.129,57.156,-168.717
252,35,M,0,0,1,36.072,0.636,37.345,56.672,-189.959,12.726,12.049,0.338,35.621,-168.945
253,35,M,0,4,2,30.2,0.386,30.973,78.163,-191.895,17.577,16.832,0.372,45.209,-176.654
254,35,M,0,3,1,18.345,0.338,19.02,54.343,-180.29,23.709,22.891,0.409,56.022,-183.681
255,35,M,0,3,2,20.653,0.25,21.153,82.664,-187.533,9.763,9.579,0.092,104.096,-180.294
256,35,M,1,1,1,10.775,0.314,11.402,34.344,-166.948,7.875,7.26,0.308,23.601,-156.581
257,35,M,0,4,1,38.161,0.85,39.86,44.917,-187.587,12.879,12.05,0.415,29.07,-166.209
258,35,M,0,5,3,41.641,0.671,42.982,62.068,-193.116,11.145,10.789,0.178,60.718,-174.638
259,35,M,0,2,1,23.83,0.214,24.258,111.251,-193.458,13.153,12.438,0.357,34.819,-169.066
260,35,M,0,4,1,36.272,0.477,37.227,75.995,-193.983,15.684,15.253,0.215,70.815,-181.37
261,35,M,0,3,1,60.02,1.636,63.291,36.694,-190.961,13.138,12.405,0.366,33.862,-168.655
262,35,M,0,4,2,34.195,0.819,35.833,41.761,-185.129,14.647,13.76,0.443,31.036,-168.877
263,35,M,0,5,2,38.473,0.471,39.415,81.72,-195.754,18.807,18.291,0.258,70.921,-183.835
264,35,M,0,4,1,55.099,0.528,56.155,104.411,-203.889,11.097,10.745,0.176,61.047,-174.655
265,35,M,0,4,2,43.37,0.517,44.404,83.88,-197.718,18.552,18.126,0.213,85.025,-186.155
266,35,M,0,5,1,44.1,1.152,46.404,38.288,-187.385,8.757,8.011,0.373,21.481,-156.639
267,35,M,0,2,2,22.193,0.317,22.826,70.117,-186.285,13.033,11.972,0.531,22.556,-162.706
268,35,M,0,1,1,22.644,0.248,23.139,91.449,-190.132,12.485,12.246,0.119,102.708,-183.42
269,35,M,0,4,2,47.366,0.502,48.371,94.272,-200.477,16.655,16.162,0.247,65.552,-181.11
270,35,M,0,2,2,24.326,0.265,24.855,91.899,-191.163,11.175,10.59,0.292,36.208,-167.427
271,35,M,0,3,2,16.901,0.219,17.339,77.276,-183.927,21.801,21.234,0.284,74.815,-186.563
272,35,M,0,0,2,27.457,0.321,28.099,85.449,-191.813,11.607,10.853,0.377,28.773,-164.662
273,35,M,1,4,1,35.021,0.577,36.174,60.722,-190.49,10.969,10.329,0.32,32.282,-165.546
274,35,M,3,4,1,46.844,0.473,47.789,99.106,-201.001,28.621,27.355,0.633,43.229,-182.589
275,35,M,0,4,1,30.586,0.248,31.081,123.569,-198.232,12.223,11.845,0.189,62.671,-176.321
276,35,M,0,2,1,30.411,0.467,31.345,65.165,-189.54,24.198,23.697,0.25,94.784,-191.227
277,35,M,0,4,2,45.681,0.807,47.295,56.606,-193.122,12.993,11.952,0.52,22.974,-162.931
278,35,M,0,5,1,48.52,0.652,49.825,74.381,-197.611,8.076,7.677,0.2,38.477,-163.914
279,35,M,0,3,2,29.96,0.348,30.657,86.033,-193.079,29.359,27.077,1.141,23.734,-174.379
280,NA,NA,NA,NA,NA,NA,NA,NA,NA,NA,NA,NA,NA,NA,NA
281,35,M,0,3,2,26.696,0.314,27.325,84.942,-191.355,18.751,18.239,0.256,71.305,-183.87
282,35,M,0,3,1,24.812,0.416,25.643,59.712,-185.624,18.909,18.393,0.258,71.234,-183.969
283,35,M,0,4,1,34.988,0.767,36.522,45.624,-186.628,26.939,25.449,0.745,34.149,-178.442
284,35,M,0,4,3,27.972,0.494,28.96,56.648,-186.529,6.729,6.234,0.248,25.188,-155.407
285,35,M,0,3,1,59.3,0.833,60.965,71.203,-199.724,8.527,8.241,0.143,57.655,-170.313
286,35,M,0,2,2,25.433,0.451,26.335,56.39,-185.187,14.153,13.603,0.275,49.381,-174.975
287,NA,NA,NA,NA,NA,NA,NA,NA,NA,NA,NA,NA,NA,NA,NA
288,35,M,0,3,3,23.424,0.44,24.305,53.211,-183.298,14.612,14.017,0.298,47.108,-174.745
289,35,M,0,4,2,37.092,0.375,37.842,98.964,-197.839,24.387,24.11,0.139,173.867,-199.627
290,NA,NA,NA,NA,NA,NA,NA,NA,NA,NA,NA,NA,NA,NA,NA
291,35,M,2,4,1,29.498,0.565,30.629,52.165,-186.134,7.571,7.123,0.224,31.758,-160.322
292,35,M,0,3,2,20.62,0.46,21.54,44.824,-179.272,10.005,9.574,0.215,44.471,-168.837
293,35,M,0,3,1,41.094,0.693,42.479,59.323,-192.329,11.585,11.001,0.292,37.673,-168.474
294,35,M,0,3,2,32.322,0.436,33.193,74.201,-192.109,9.136,8.716,0.21,41.544,-166.656
295,35,M,0,4,1,19.883,0.255,20.394,77.857,-186.215,18.539,18.191,0.174,104.524,-188.983
296,35,F,2,2,1,43.12,0.683,44.487,63.12,-193.812,10.941,9.159,0.891,10.28,-148.522
297,35,F,1,4,2,33.782,0.435,34.651,77.717,-193.327,11.474,11.032,0.221,50.007,-172.324
298,35,F,0,1,1,20.079,0.213,20.505,94.38,-188.938,10.412,9.826,0.293,33.505,-165.373
299,35,F,1,3,1,28.855,0.34,29.535,84.883,-192.392,32.619,31.609,0.505,62.579,-189.515
300,35,F,1,3,3,27.106,0.212,27.53,128.107,-197.092,33.053,32.061,0.496,64.609,-190.136
301,35,F,0,5,1,35.751,0.482,36.714,74.213,-193.469,11.011,9.767,0.622,15.692,-155.08
302,35,F,0,3,1,16.37,0.276,16.922,59.304,-179.933,7.894,7.24,0.327,22.134,-155.681
303,35,F,0,3,2,28.888,0.361,29.61,79.956,-191.602,21.61,20.619,0.495,41.616,-178.272
304,35,F,0,4,2,22.066,0.295,22.656,74.809,-187.08,12.901,12.05,0.425,28.336,-165.866
305,35,F,1,3,2,20.325,0.31,20.945,65.554,-184.195,20.493,20.095,0.199,100.84,-189.84
306,35,F,0,3,1,18.048,0.281,18.61,64.198,-182.314,21.709,21.178,0.265,79.784,-187.394
307,NA,NA,NA,NA,NA,NA,NA,NA,NA,NA,NA,NA,NA,NA,NA
308,35,F,0,2,4,40.335,0.477,41.289,84.581,-196.854,7.744,7.363,0.19,38.677,-163.421
309,35,F,0,3,1,19.84,0.287,20.413,69.23,-184.605,14.735,14.089,0.323,43.615,-173.776
310,35,F,0,1,1,25.485,0.326,26.137,78.23,-189.621,13.053,12.621,0.216,58.424,-176.23
311,35,F,0,3,1,21.751,0.335,22.422,64.872,-184.968,12.45,11.954,0.248,48.169,-172.901
312,35,F,1,3,1,15.925,0.268,16.462,59.317,-179.565,15.116,14.686,0.215,68.261,-180.365
313,35,F,1,3,2,30.725,0.501,31.726,61.357,-188.868,12.399,10.974,0.713,15.402,-156.398
314,35,F,0,3,2,17.862,0.432,18.725,41.368,-176.258,23.933,21.074,1.429,14.743,-164.594
315,35,F,0,4,2,24.73,0.299,25.328,82.645,-189.955,15.541,14.813,0.364,40.7,-173.52
316,35,F,0,4,1,35.999,0.601,37.202,59.862,-190.669,17.374,16.732,0.321,52.047,-178.47
317,35,F,0,2,1,22.289,0.432,23.154,51.561,-182.205,24.648,23.952,0.348,68.849,-187.066
318,35,F,0,5,2,42.059,0.582,43.224,72.233,-195.292,10.416,9.503,0.456,20.817,-158.517
319,35,F,0,4,3,33.31,0.42,34.151,79.254,-193.401,9.052,8.516,0.268,31.769,-162.732
320,35,F,0,3,1,25.803,0.216,26.235,119.406,-195.481,12.917,12.362,0.277,44.564,-172.305
321,35,F,0,4,2,36.225,0.524,37.272,69.173,-192.699,16.845,16.129,0.358,45.091,-176.045
322,35,F,1,3,3,23.31,0.424,24.158,54.968,-183.669,16.724,15.643,0.54,28.952,-169.668
323,35,F,0,2,2,20.95,0.247,21.443,84.843,-188.075,21.118,20.753,0.182,113.804,-191.903
324,35,F,0,2,2,38.992,0.455,39.901,85.769,-196.585,8.671,8.301,0.185,44.879,-167.038
325,35,F,1,4,1,32.633,0.486,33.606,67.085,-190.881,11.21,10.657,0.277,38.531,-168.349
326,35,F,0,3,2,41.871,0.536,42.943,78.052,-196.275,18.223,17.722,0.25,70.834,-183.393
327,NA,NA,NA,NA,NA,NA,NA,NA,NA,NA,11.547,10.36,0.594,17.449,-157.303
328,35,F,0,3,2,13.934,0.211,14.356,65.981,-179.2,17.958,17.42,0.269,64.697,-181.941
329,35,F,0,2,2,21.872,0.28,22.431,78.226,-187.562,8.533,7.967,0.283,28.193,-160.227
330,35,F,0,3,2,27.208,0.37,27.948,73.505,-189.663,8.539,8.061,0.239,33.709,-162.789
331,35,F,0,4,2,34.974,0.332,35.638,105.349,-197.89,8.402,7.469,0.466,16.019,-151.747
332,35,F,1,4,2,32.639,0.283,33.206,115.3,-198.175,13.683,13.19,0.247,53.474,-175.632
333,35,F,0,4,2,16.008,0.262,16.531,61.173,-180.05,38.616,35.949,1.333,26.959,-179.91
334,35,F,1,3,1,24.424,0.428,25.28,57.068,-184.802,10.989,9.831,0.579,16.994,-156.242
335,35,F,0,3,1,22.57,0.31,23.19,72.848,-187.026,6.974,6.71,0.132,50.81,-165.844
336,35,F,0,3,1,29.852,0.392,30.637,76.072,-191.374,19.011,18.081,0.465,38.861,-175.58
337,35,F,0,3,1,30.424,0.212,30.849,143.239,-200.15,13.89,13.254,0.318,41.678,-172.342
338,35,F,0,3,4,38.306,0.493,39.292,77.758,-195.026,24.072,23.462,0.305,76.897,-188.277
339,35,F,0,4,2,11.532,0.14,11.813,82.21,-179.614,24.566,23.356,0.605,38.599,-178.936
340,35,F,0,2,2,49.8,0.64,51.081,77.768,-198.561,10.143,9.727,0.208,46.814,-169.741
341,35,F,0,4,3,21.391,0.269,21.928,79.622,-187.501,11.092,10.739,0.176,60.848,-174.603
342,35,F,0,3,2,40.587,0.492,41.571,82.517,-196.605,8.438,7.986,0.226,35.354,-163.305
343,35,F,0,4,2,34.281,0.479,35.239,71.624,-192.425,10.655,9.913,0.371,26.744,-162.459
344,35,F,0,3,2,24.942,0.369,25.681,67.552,-187.356,13.529,13.082,0.223,58.574,-176.748
345,35,F,0,4,3,30.013,0.525,31.062,57.187,-187.605,8.772,8.149,0.312,26.157,-159.521
346,35,F,0,4,2,22.108,0.379,22.866,58.32,-183.753,13.667,13.106,0.281,46.648,-173.707
347,35,F,1,3,1,27.955,0.51,28.976,54.781,-186.07,13.903,13.356,0.274,48.795,-174.568
348,35,F,0,3,1,20.041,0.286,20.613,70.073,-184.903,19.481,17.655,0.913,19.336,-165.862
349,35,F,0,4,2,18.252,0.283,18.818,64.511,-182.531,19.148,18.104,0.522,34.701,-174.074
350,35,F,0,4,2,34.736,0.715,36.167,48.552,-187.369,14.006,12.515,0.745,16.79,-159.329
351,35,F,0,3,2,29.084,0.392,29.868,74.137,-190.676,9.985,9.727,0.129,75.322,-176.144
352,35,F,3,4,2,31.956,0.471,32.898,67.879,-190.757,14.905,14.26,0.322,44.271,-174.14
353,35,F,0,1,2,17.101,0.185,17.471,92.35,-186.484,11.942,11.316,0.313,36.174,-168.307
354,35,F,0,4,2,28.043,0.66,29.363,42.476,-182.687,15.006,14.242,0.382,37.29,-171.812
355,35,F,0,3,1,20.388,0.333,21.054,61.228,-183.318,16.573,15.718,0.427,36.782,-172.955
356,35,F,0,3,2,30.39,0.416,31.221,73.139,-191.085,10.177,9.549,0.314,30.372,-163.667
357,35,F,1,4,2,42.018,0.601,43.221,69.882,-194.834,8.443,8.021,0.211,38.01,-164.34
358,35,F,0,3,2,24.258,0.323,24.904,75.057,-188.4,20.432,18.921,0.755,25.046,-170.278
359,35,F,0,4,2,30.199,0.207,30.612,146.051,-200.311,8.659,8.214,0.223,36.872,-164.25
360,NA,NA,NA,NA,NA,NA,NA,NA,NA,NA,NA,NA,NA,NA,NA
361,35,F,0,4,2,24.94,0.492,25.924,50.694,-183.489,10.067,9.602,0.232,41.318,-167.885
362,35,F,1,4,2,29.422,0.517,30.456,56.902,-187.27,6.613,6.047,0.283,21.37,-152.784
363,35,F,0,4,2,27.407,0.307,28.022,89.159,-192.361,14.89,13.952,0.469,29.751,-168.494
364,35,F,0,4,1,18.704,0.285,19.273,65.65,-183.096,6.264,5.848,0.208,28.173,-156.055
365,35,F,0,4,2,25.518,0.484,26.485,52.752,-184.333,8.419,7.547,0.436,17.316,-152.935