Mouse,Generation,Sex,Renal GSH (nmol/mg),Renal GSSG (nmol/mg),Renal Total Glutathione (nmol/mg),Renal GSH/GSSG,Renal Eh (mV),BUN (mg/dL),Hepatic GSH (nmol/mg),Hepatic GSSG (nmol/mg),Hepatic Total Glutathione (nmol/mg),Hepatic GSH/GSSG,Hepatic Eh (mV)
1,30,M,17.232,0.293,17.819,58.746,-180.497,28,46.189,0.441,47.071,104.688,-201.549
2,30,M,14.566,0.178,14.922,81.846,-182.699,23,60.649,0.526,61.701,115.305,-206.517
3,30,M,17.596,0.192,17.98,91.689,-186.772,26,109.341,1.121,111.584,97.5,-212.193
4,30,M,17.856,0.203,18.263,87.918,-186.404,20,83.233,0.71,84.653,117.201,-210.998
5,30,M,18.927,0.127,19.181,149.191,-194.308,21,30.433,0.509,31.451,59.798,-188.393
6,30,M,22.435,0.214,22.864,104.744,-191.835,29,54.483,0.575,55.632,94.831,-202.441
7,30,M,23.106,0.257,23.621,89.757,-190.153,23,43.243,0.451,44.145,95.786,-199.466
8,30,M,20.874,0.344,21.562,60.65,-183.507,21,38.471,0.495,39.461,77.696,-195.073
9,30,M,24.21,0.239,24.688,101.32,-192.412,18,44.49,0.646,45.782,68.878,-195.409
10,30,M,18.267,0.118,18.504,154.263,-194.28,22,63.417,0.635,64.686,99.94,-205.192
11,30,M,27.892,0.256,28.403,109.023,-195.305,35,97.954,1.313,100.58,74.61,-207.11
12,30,M,NA,NA,NA,NA,NA,24,73.065,0.853,74.772,85.642,-205.02
13,30,M,25.18,0.33,25.84,76.326,-189.128,23,37.024,0.485,37.995,76.275,-194.309
14,30,M,18.134,0.343,18.821,52.833,-179.756,20,113.359,1.937,117.232,58.53,-205.809
15,30,M,19.597,0.138,19.874,141.623,-194.075,26,43.777,0.623,45.024,70.228,-195.453
16,30,M,19.13,0.187,19.505,102.26,-189.366,21,56.383,1.139,58.661,49.507,-194.152
17,30,M,19.771,0.246,20.264,80.27,-186.55,19,31.545,0.501,32.546,63.018,-189.582
18,30,M,15.562,0.416,16.393,37.418,-173.051,32,64.133,1.388,66.909,46.196,-194.954
19,30,M,16.249,0.159,16.567,102.083,-187.145,25,94.55,0.997,96.544,94.805,-209.859
20,30,M,30.422,0.312,31.045,97.651,-194.991,20,40.377,0.517,41.411,78.071,-195.789
21,30,M,13.703,0.148,13.999,92.41,-183.51,23,41.869,0.429,42.728,97.55,-199.277
22,30,M,23.858,0.137,24.133,173.825,-199.482,34,100.066,2.059,104.184,48.607,-201.629
23,30,M,20.741,0.117,20.975,177.9,-197.909,24,71.729,1.098,73.924,65.348,-201.131
24,30,M,17.061,0.159,17.379,107.116,-188.449,26,80.849,0.918,82.685,88.041,-206.755
25,30,M,23.496,0.575,24.646,40.878,-179.789,22,61.53,0.734,62.999,83.788,-202.412
26,30,M,NA,NA,NA,NA,NA,NA,NA,NA,NA,NA,NA
27,30,M,13.118,0.152,13.423,86.157,-181.98,26,68.346,1.47,71.286,46.492,-195.897
28,30,M,15.122,0.186,15.493,81.491,-183.144,33,99.552,1.097,101.746,90.745,-209.964
29,30,M,17.249,0.235,17.719,73.508,-183.528,19,66.534,0.603,67.739,110.391,-207.177
30,30,M,18.438,0.303,19.045,60.755,-181.86,28,19.669,0.213,20.094,92.445,-188.381
31,30,M,22.394,0.483,23.36,46.34,-180.831,23,73.372,1.662,76.696,44.151,-196.157
32,30,M,27.742,0.471,28.683,58.956,-186.955,40,42.164,0.809,43.781,52.134,-190.936
33,30,M,20.97,0.385,21.74,54.465,-182.121,27,94.989,1.854,98.696,51.248,-201.64
34,30,M,NA,NA,NA,NA,NA,26,18.045,0.239,18.523,75.506,-184.496
35,30,M,25.193,0.636,26.465,39.605,-180.302,23,59.811,1.21,62.232,49.413,-194.921
36,30,M,23.283,0.508,24.299,45.834,-181.207,24,33.472,0.575,34.621,58.251,-189.321
37,30,M,NA,NA,NA,NA,NA,NA,NA,NA,NA,NA,NA
38,30,M,47.712,0.681,49.074,70.068,-196.581,37,9.843,0.17,10.183,57.836,-172.747
39,30,M,34.708,1.478,37.664,23.484,-177.579,24,52.436,0.632,53.7,82.948,-200.123
40,30,M,NA,NA,NA,NA,NA,NA,NA,NA,NA,NA,NA
41,30,M,31.808,0.379,32.566,83.945,-193.555,25,33.992,0.74,35.472,45.929,-186.329
42,30,M,29.673,0.37,30.414,80.091,-191.986,28,74.136,1.693,77.522,43.784,-196.184
43,30,M,NA,NA,NA,NA,NA,NA,NA,NA,NA,NA,NA
44,30,M,37.463,0.927,39.317,40.433,-185.922,21,41.694,0.674,43.043,61.841,-193.084
45,30,M,40.729,0.489,41.707,83.327,-196.783,26,57.554,0.595,58.744,96.683,-203.44
46,30,M,28.945,0.747,30.439,38.763,-181.882,32,39.251,1.018,41.288,38.543,-185.906
47,30,M,22.389,0.3,22.989,74.727,-187.261,35,58.81,0.982,60.774,59.864,-197.277
48,30,M,30.58,0.832,32.243,36.765,-181.909,32,67.772,1.141,70.053,59.407,-199.083
49,30,F,19.867,0.295,20.457,67.405,-184.264,29,65.096,0.754,66.603,86.383,-203.581
50,30,F,37.152,1.589,40.331,23.374,-178.432,19,66.203,1.44,69.083,45.984,-195.32
51,30,F,32.556,1.113,34.781,29.262,-179.679,17,38.048,0.325,38.697,117.133,-200.451
52,30,F,26.125,1.017,28.16,25.682,-174.959,23,43.485,0.551,44.586,78.973,-196.942
53,30,F,14.804,0.372,15.547,39.817,-173.215,18,47.974,0.664,49.301,72.288,-197.074
54,30,F,35.462,1.612,38.686,22.005,-176.993,22,78.195,1.321,80.838,59.179,-200.958
55,30,F,22.857,0.515,23.886,44.409,-180.533,24,58.039,1.022,60.082,56.816,-196.396
56,30,F,19.802,0.534,20.87,37.079,-176.173,24,41.333,0.48,42.292,86.18,-197.435
57,30,F,37.356,1.459,40.273,25.605,-179.733,25,54.147,0.597,55.34,90.721,-201.762
58,30,F,NA,NA,NA,NA,NA,NA,NA,NA,NA,NA,NA
59,30,F,43.863,0.986,45.835,44.479,-189.33,18,35.561,0.282,36.125,126.066,-200.531
60,30,F,33.84,0.692,35.223,48.936,-187.123,21,52.215,0.586,53.386,89.18,-201.042
61,30,F,27.418,1.065,29.548,25.744,-175.642,30,33.629,0.443,34.515,75.925,-192.952
62,30,F,22.478,0.488,23.453,46.092,-180.809,19,38.041,0.382,38.805,99.569,-198.262
63,30,F,27.883,0.361,28.605,77.141,-190.643,22,77.579,1.025,79.628,75.705,-204.167
64,30,F,25.504,0.588,26.68,43.408,-181.702,NA,22.147,0.272,22.691,81.455,-188.275
65,30,F,22.398,0.279,22.955,80.368,-188.246,18,38.714,0.596,39.905,64.999,-192.756
66,30,F,18.962,0.52,20.002,36.472,-175.367,26,55.925,0.56,57.045,99.901,-203.494
67,30,F,23.619,0.337,24.293,70.102,-187.121,23,63.425,0.978,65.38,64.859,-199.373
68,30,F,17.815,0.519,18.852,34.328,-173.711,19,41.32,0.781,42.881,52.912,-190.863
69,30,F,18.715,0.337,19.388,55.559,-180.857,18,21.343,0.249,21.841,85.793,-188.476
70,30,F,44.401,0.634,45.67,70.011,-195.601,24,55.792,0.574,56.941,97.179,-203.091
71,30,F,39.774,0.403,40.579,98.81,-198.758,23,35.096,0.481,36.058,72.977,-192.994
72,30,F,13.583,0.25,14.084,54.311,-176.237,23,67.491,0.795,69.081,84.89,-203.833
73,30,F,16.418,0.271,16.961,60.475,-180.235,16,57.641,1.291,60.222,44.661,-193.062
74,30,F,25.238,0.175,25.587,144.339,-197.736,27,53.704,0.605,54.914,88.751,-201.355
75,30,F,14.911,0.142,15.196,104.848,-186.348,20,56.075,0.879,57.833,63.797,-197.492
76,30,F,12.103,0.137,12.377,88.222,-181.214,21,29.623,0.492,30.607,60.183,-188.116
77,30,F,18.56,0.707,19.974,26.261,-170.656,24,42.421,0.522,43.466,81.246,-196.991
78,30,F,25.779,1.391,28.561,18.533,-170.388,20,57.887,1.092,60.072,52.989,-195.422
79,30,F,21.592,0.475,22.542,45.453,-180.08,25,70.137,1.925,73.986,36.444,-192.967
80,30,F,20.806,0.52,21.846,40.025,-177.868,21,42.097,0.907,43.91,46.432,-189.355
81,30,F,19.481,0.413,20.307,47.161,-179.191,25,59.944,1.061,62.065,56.516,-196.759
82,30,F,27.36,0.502,28.363,54.548,-185.723,18,54.085,0.711,55.507,76.07,-199.375
83,30,F,28.458,0.339,29.135,84.035,-192.07,21,29.302,0.639,30.58,45.826,-184.3
84,30,F,20.478,0.566,21.61,36.186,-176.297,19,17.017,0.434,17.886,39.173,-174.872
85,30,F,23.403,0.332,24.067,70.503,-187.074,22,41.923,0.562,43.046,74.651,-195.692
86,30,F,36.498,0.259,37.016,140.918,-202.38,19,58.666,0.924,60.514,63.481,-198.034
87,30,F,25.359,0.405,26.168,62.686,-186.573,16,58.6,0.877,60.354,66.814,-198.708
88,30,F,20.485,0.297,21.079,68.872,-184.965,19,30.238,0.392,31.021,77.236,-191.751
89,30,F,27.867,0.622,29.111,44.811,-183.323,22,48.668,1.203,51.074,40.466,-189.456
90,30,F,17.653,0.154,17.961,114.633,-189.822,20,53.045,0.347,53.739,152.98,-208.52
91,30,F,10.958,0.16,11.278,68.42,-176.454,18,38.296,1.072,40.439,35.74,-184.557
92,30,F,18.185,0.41,19.006,44.303,-177.422,19,37.858,0.8,39.458,47.314,-188.18
93,30,F,13.688,0.273,14.233,50.224,-175.287,23,60.273,1.323,62.92,45.549,-193.929
94,30,F,10.602,0.155,10.913,68.195,-175.965,16,58.15,0.884,59.917,65.792,-198.396
95,30,F,16.12,0.444,17.008,36.288,-173.112,14,75.541,1.027,77.595,73.539,-203.418
96,30,F,10.735,1.566,13.867,6.855,-145.203,19,44.915,0.58,46.075,77.44,-197.114
97,30,F,21.481,1.508,24.498,14.242,-164.387,21,55.868,1.752,59.371,31.894,-188.109
98,30,F,14.07,0.382,14.833,36.879,-171.499,22,44.531,1.039,46.609,42.863,-189.035
99,32,M,19.386,0.204,19.793,95.156,-188.575,21,40.565,0.498,41.56,81.486,-196.428
100,32,M,NA,NA,NA,NA,NA,NA,NA,NA,NA,NA,NA
101,32,M,22.018,0.207,22.433,106.154,-191.762,NA,61.663,0.763,63.188,80.865,-201.963
102,32,M,10.876,0.408,11.692,26.656,-163.662,31,35.474,0.363,36.199,97.813,-197.081
103,32,M,24.06,0.24,24.54,100.177,-192.176,34,32.535,0.344,33.222,94.704,-195.482
104,32,M,18.006,0.227,18.461,79.156,-185.103,26,54.108,0.449,55.006,120.507,-205.574
105,32,M,22.181,0.229,22.64,96.667,-190.601,19,48.125,0.354,48.832,136.008,-205.626
106,32,M,19.095,0.397,19.889,48.082,-179.182,25,54.707,0.661,56.03,82.719,-200.657
107,32,M,18.422,0.115,18.653,159.978,-194.884,36,43.249,0.626,44.501,69.123,-195.076
108,32,M,NA,NA,NA,NA,NA,NA,NA,NA,NA,NA,NA
109,32,M,13.313,0.149,13.61,89.586,-182.704,23,82.234,0.538,83.31,152.937,-214.418
110,32,M,19.962,0.176,20.314,113.268,-191.316,20,38.11,0.573,39.255,66.564,-192.865
111,32,M,15.697,0.168,16.033,93.519,-185.5,26,70.993,0.723,72.44,98.148,-206.468
112,32,M,NA,NA,NA,NA,NA,NA,NA,NA,NA,NA,NA
113,32,M,14.022,0.251,14.524,55.864,-177.044,25,61.031,0.57,62.171,107.04,-205.6
114,32,M,20.103,0.272,20.648,73.788,-185.64,22,56.986,1.114,59.213,51.173,-194.741
115,32,M,14.665,0.179,15.024,81.768,-182.777,23,34.88,0.358,35.597,97.347,-196.79
116,32,M,22.483,0.274,23.031,82.096,-188.583,23,43.797,1.229,46.255,35.629,-186.322
117,32,M,11.432,0.088,11.607,130.651,-185.734,24,41.446,0.696,42.838,59.58,-192.502
118,32,M,16.807,0.257,17.322,65.277,-181.58,25,54.411,0.756,55.922,71.988,-198.713
119,32,M,20.387,0.335,21.056,60.884,-183.241,NA,88.263,1.658,91.58,53.226,-201.161
120,32,M,NA,NA,NA,NA,NA,NA,NA,NA,NA,NA,NA
121,32,M,7.311,0.289,7.888,25.337,-157.632,21,39.004,0.359,39.721,108.685,-199.777
122,32,M,14.462,0.232,14.926,62.232,-178.913,26,58.994,0.916,60.826,64.401,-198.303
123,32,M,12.321,0.356,13.033,34.629,-168.865,33,65.42,0.774,66.967,84.537,-203.357
124,32,M,15.583,0.237,16.058,65.705,-180.65,21,62.07,0.983,64.036,63.157,-198.724
125,32,M,14.291,0.21,14.71,68.172,-179.98,24,56.214,0.584,57.382,96.244,-203.062
126,32,M,7.316,0.372,8.06,19.668,-154.232,30,88.607,1.457,91.521,60.803,-203.005
127,32,M,11.057,0.278,11.614,39.732,-169.258,27,37.275,0.584,38.444,63.784,-191.992
128,32,M,6.4,0.15,6.699,42.79,-162.895,23,65.643,1.463,68.57,44.854,-194.871
129,32,M,13.567,0.3,14.167,45.265,-173.767,27,58.592,0.624,59.84,93.864,-203.282
130,32,M,18.104,0.233,18.569,77.773,-184.938,25,69.616,0.942,71.499,73.931,-202.39
131,32,M,11.595,0.459,12.513,25.235,-163.786,29,34.452,0.292,35.035,118.009,-199.215
132,32,M,12.164,0.277,12.718,43.931,-171.896,23,59.103,0.805,60.712,73.434,-200.094
133,32,M,20.047,0.203,20.453,98.642,-189.511,24,52.55,0.637,53.824,82.479,-200.076
134,32,M,15.606,0.163,15.932,95.847,-185.753,23,65.318,0.417,66.151,156.81,-211.655
135,32,M,16.377,0.196,16.77,83.36,-184.523,35,52.914,0.752,54.418,70.369,-198.031
136,32,M,16.718,0.272,17.263,61.35,-180.673,25,52.433,0.364,53.16,144.187,-207.566
137,32,M,17.59,0.11,17.809,160.364,-194.293,22,67.826,0.564,68.955,120.168,-208.579
138,32,M,13.196,0.125,13.446,105.445,-184.779,NA,NA,1.289,NA,NA,NA
139,32,M,16.95,0.32,17.591,52.895,-178.862,22,77.132,0.53,78.192,145.586,-212.893
140,32,M,22.074,0.298,22.67,74.159,-186.968,27,51.13,0.348,51.826,146.931,-207.481
141,32,M,14.079,0.156,14.391,90.148,-183.541,17,67.622,0.775,69.171,87.305,-204.237
142,32,M,10.797,0.273,11.343,39.577,-168.885,14,43.232,0.694,44.62,62.292,-193.669
143,32,M,24.427,0.365,25.157,66.935,-186.951,31,77.795,0.915,79.625,85.006,-205.764
144,32,M,14.762,0.323,15.408,45.702,-175.033,24,56.232,0.755,57.741,74.522,-199.622
145,32,M,15.203,0.502,16.208,30.267,-169.882,26,55.115,0.755,56.625,72.992,-199.073
146,32,M,18.939,0.546,20.031,34.708,-174.684,24,38.114,0.225,38.563,169.761,-205.471
147,32,M,17.19,0.342,17.873,50.335,-178.384,43,78.682,2.288,83.258,34.392,-193.734
148,32,M,21.795,0.97,23.734,22.479,-170.726,22,42.728,0.348,43.424,122.759,-202.645
149,32,M,23.045,0.342,23.729,67.39,-186.258,21,41.773,0.421,42.614,99.286,-199.483
150,32,M,15.11,0.731,16.571,20.675,-164.667,24,77.036,0.809,78.654,95.217,-207.16
151,32,M,27.169,0.321,27.81,84.707,-191.554,21,54.379,0.561,55.501,97.002,-202.721
152,32,M,19.68,0.351,20.382,56.058,-181.654,24,59.979,0.866,61.711,69.23,-199.499
153,32,M,9.941,0.162,10.265,61.509,-173.71,15,36.735,0.402,37.538,91.472,-196.649
154,32,M,15.85,0.185,16.22,85.649,-184.447,21,84.067,0.847,85.761,99.264,-208.896
155,32,M,12.208,0.156,12.52,78.416,-179.745,20,42.043,0.416,42.876,100.951,-199.794
156,32,M,8.56,0.306,9.171,27.993,-161.097,31,73.523,0.72,74.963,102.144,-207.477
157,32,M,15.872,0.146,16.163,108.786,-187.685,21,59.704,0.77,61.245,77.496,-200.956
158,32,M,19.14,0.141,19.421,136.197,-193.231,21,64.529,0.662,65.853,97.43,-205.084
159,32,M,23.537,0.25,24.037,94.142,-191.043,17,42.982,0.677,44.336,63.495,-193.849
160,32,M,13.85,0.315,14.479,44.036,-173.674,22,59.287,0.602,60.491,98.513,-204.092
161,32,F,22.434,0.338,23.109,66.431,-185.703,33,55.623,0.565,56.753,98.516,-203.234
162,32,F,23.452,0.303,24.058,77.446,-188.367,27,59.89,0.815,61.52,73.503,-200.285
163,32,F,19.072,0.377,19.825,50.626,-179.86,22,57.501,0.444,58.389,129.462,-207.358
164,32,F,21.967,0.388,22.744,56.596,-183.264,25,40.543,0.5,41.543,81.059,-196.35
165,32,F,16.522,0.449,17.42,36.781,-173.626,31,65.289,0.558,66.405,117.014,-207.707
166,32,F,10.521,0.319,11.158,33.024,-166.099,29,29.872,0.282,30.435,106.014,-195.851
167,32,F,18.151,0.354,18.858,51.326,-179.378,24,67.875,0.869,69.612,78.119,-202.79
168,32,F,10.962,0.294,11.549,37.302,-168.292,23,43.617,0.323,44.263,134.892,-204.191
169,32,F,7.161,0.244,7.648,29.368,-159.34,19,33.884,0.495,34.873,68.499,-191.668
170,32,F,20.56,0.208,20.976,98.835,-189.878,29,48.991,0.78,50.55,62.844,-195.472
171,32,F,11.819,0.258,12.335,45.806,-172.071,23,45.294,0.681,46.656,66.497,-195.176
172,32,F,15.81,0.311,16.432,50.848,-177.394,30,35.796,0.615,37.025,58.21,-190.216
173,32,F,22.236,0.316,22.868,70.468,-186.379,25,51.148,0.553,52.254,92.54,-201.262
174,32,F,18.754,0.174,19.101,107.98,-189.832,27,54.028,1.672,57.373,32.304,-187.83
175,32,F,13.806,0.299,14.404,46.163,-174.267,24,40.877,0.592,42.062,69.011,-194.294
176,32,F,22.485,0.405,23.295,55.465,-183.305,27,43.273,0.675,44.624,64.063,-194.06
177,32,F,9.887,0.613,11.113,16.122,-155.609,23,63.604,0.713,65.031,89.172,-203.697
178,32,F,26.729,0.616,27.961,43.4,-182.331,20,66.38,0.661,67.702,100.373,-205.865
179,32,F,7.859,0.401,8.661,19.592,-155.142,16,48.678,0.681,50.039,71.503,-197.123
180,32,F,16.552,0.407,17.365,40.716,-175.019,20,55.553,1.04,57.634,53.392,-194.97
181,32,F,24.784,0.25,25.284,99.142,-192.435,18,22.179,0.458,23.096,48.408,-181.289
182,32,F,19.739,0.264,20.267,74.754,-185.57,20,61.091,0.684,62.46,89.296,-203.173
183,32,F,21.04,0.249,21.539,84.396,-188.063,29,38.593,0.546,39.685,70.703,-193.846
184,32,F,21.92,0.302,22.524,72.51,-186.57,29,46.445,0.79,48.025,58.794,-193.857
185,32,F,11.615,0.259,12.132,44.926,-171.575,28,41.295,0.332,41.96,124.199,-202.342
186,32,F,19.555,0.304,20.164,64.236,-183.402,26,38.685,0.472,39.629,81.883,-195.855
187,32,F,26.184,0.406,26.997,64.442,-187.375,22,103.986,0.79,105.566,131.606,-215.556
188,32,F,20.39,0.446,21.282,45.726,-179.389,26,43.736,0.585,44.906,74.777,-196.285
189,32,F,21.116,0.23,21.576,91.85,-189.25,30,53.721,0.578,54.876,93.017,-201.992
190,32,F,8.799,0.443,9.685,19.851,-156.841,27,38.101,0.511,39.124,74.524,-194.382
191,32,F,NA,NA,NA,NA,NA,NA,NA,NA,NA,NA,NA
192,32,F,11.249,0.645,12.538,17.443,-158.406,17,51.069,0.288,51.646,177.181,-209.986
193,32,F,28.091,0.233,28.556,120.705,-196.771,25,48.404,0.58,49.565,83.435,-199.125
194,32,F,17.041,0.268,17.577,63.583,-181.412,23,46.726,0.42,47.565,111.349,-202.535
195,32,F,26.363,0.694,27.75,38.013,-180.36,28,34.508,0.525,35.559,65.682,-191.348
196,32,F,23.369,0.464,24.296,50.408,-182.537,25,65.85,0.525,66.9,125.492,-208.764
197,32,F,22.605,0.247,23.099,91.507,-190.117,26,43.049,0.546,44.14,78.871,-196.789
198,32,F,18.291,0.352,18.995,52.007,-179.659,18,53.834,0.808,55.449,66.641,-197.531
199,32,F,18.25,0.55,19.35,33.17,-173.574,22,50.428,0.606,51.641,83.156,-199.631
200,32,F,23.646,0.431,24.507,54.919,-183.85,24,54.852,0.745,56.342,73.668,-199.133
201,32,F,9.829,0.253,10.336,38.808,-167.357,28,35.503,0.268,36.04,132.278,-201.156
202,32,F,16.718,0.19,17.099,87.965,-185.525,25,60.38,0.794,61.968,76.028,-200.85
203,32,F,4.744,0.163,5.069,29.19,-153.714,24,36.232,0.348,36.928,104.078,-198.202
204,32,F,11.35,0.323,11.997,35.092,-167.938,22,55.042,1.341,57.724,41.043,-191.304
205,32,F,19.342,0.224,19.79,86.46,-187.255,25,36.084,0.575,37.233,62.786,-191.343
206,32,F,18.534,0.402,19.339,46.088,-178.21,24,53.802,0.541,54.884,99.446,-202.912
207,32,F,20.773,0.381,21.535,54.512,-182.006,26,31.572,0.523,32.618,60.35,-189.011
208,32,F,23.483,0.42,24.322,55.928,-184.002,28,55.098,0.694,56.486,79.4,-200.202
209,32,F,16.391,0.233,16.856,70.392,-182.258,20,64.002,0.488,64.977,131.285,-208.989
210,32,F,25.407,0.146,25.7,173.517,-200.305,48,55.141,0.878,56.898,62.782,-197.051
211,32,F,25.851,0.332,26.515,77.882,-189.753,27,96.583,0.859,98.301,112.411,-212.439
212,32,F,22.468,0.443,23.354,50.752,-182.1,17,61.955,0.942,63.838,65.78,-199.247
213,32,F,19.862,0.215,20.292,92.334,-188.496,17,67.464,0.933,69.329,72.347,-201.675
214,32,F,5.602,0.279,6.16,20.077,-150.914,22,39.903,0.274,40.451,145.509,-204.013
215,32,F,14.15,0.348,14.846,40.651,-172.886,24,59.79,0.866,61.523,69.012,-199.414
216,32,F,8.174,0.372,8.917,22.001,-157.232,24,57.831,0.72,59.272,80.296,-201.004
217,32,F,16.343,0.214,16.771,76.371,-183.316,26,43.658,0.49,44.637,89.139,-198.626
218,32,F,22.969,0.467,23.903,49.184,-181.974,22,44.523,0.389,45.301,114.409,-202.25
219,32,F,24.987,0.384,25.756,65.032,-186.868,27,53.59,0.681,54.951,78.745,-199.716
220,32,F,20.556,0.307,21.171,66.873,-184.616,27,49.146,0.618,50.382,79.498,-198.679
221,35,M,24.639,0.285,25.209,86.513,-190.522,NA,22.848,0.226,23.301,101.011,-191.592
222,35,M,15.234,0.279,15.791,54.692,-177.875,NA,33.624,0.437,34.498,76.926,-193.126
223,35,M,18.939,0.338,19.616,55.997,-181.123,26,34.073,0.551,35.175,61.836,-190.365
224,35,M,7.836,0.159,8.155,49.154,-167.487,NA,55.034,0.794,56.621,69.333,-198.361
225,35,M,22.809,0.294,23.397,77.545,-188.009,32,41.679,0.448,42.575,93.065,-198.582
226,35,M,14.538,0.475,15.488,30.584,-169.42,NA,29.607,0.368,30.343,80.415,-192.011
227,35,M,9.841,0.234,10.309,41.983,-168.431,27,31.405,0.588,32.581,53.406,-187.294
228,35,M,9.459,0.117,9.692,81.134,-176.768,36,51.874,0.648,53.169,80.106,-199.509
229,35,M,21.644,0.204,22.053,106.05,-191.518,23,19.938,0.357,20.651,55.922,-181.797
230,35,M,18.153,0.628,19.408,28.927,-171.66,28,46.674,0.588,47.851,79.32,-197.954
231,35,M,22.293,0.292,22.877,76.42,-187.505,26,29.083,0.343,29.769,84.761,-192.479
232,35,M,13.133,0.375,13.883,35.005,-169.869,29,22.039,0.431,22.901,51.102,-181.932
233,35,M,12.473,0.214,12.901,58.264,-176.034,36,48.495,0.543,49.581,89.308,-200.066
234,35,M,NA,NA,NA,NA,NA,NA,NA,NA,NA,NA,NA
235,35,M,13.932,0.269,14.47,51.841,-175.951,27,45.903,0.666,47.235,68.935,-195.841
236,35,M,NA,NA,NA,NA,NA,NA,NA,NA,NA,NA,NA
237,35,M,9.162,0.18,9.522,50.866,-170.053,24,46.832,0.63,48.091,74.378,-197.133
238,35,M,31.181,0.457,32.095,68.239,-190.498,25,28.389,0.283,28.954,100.396,-194.433
239,35,M,21.815,0.233,22.281,93.681,-189.955,23,40.083,0.491,41.066,81.582,-196.283
240,35,M,9.206,0.204,9.614,45.192,-168.525,24,42.521,0.719,43.959,59.148,-192.749
241,35,M,14.228,0.577,15.382,24.668,-166.236,27,32.713,0.581,33.876,56.269,-188.547
242,35,M,16.818,0.237,17.292,70.883,-182.698,15,13.477,0.153,13.784,87.819,-182.601
243,35,M,11.219,0.107,11.433,104.487,-182.471,22,23.411,0.309,24.029,75.797,-188.053
244,35,M,12.041,0.325,12.691,37.034,-169.459,18,26.854,0.352,27.557,76.342,-189.997
245,35,M,11.264,0.293,11.85,38.481,-169.077,24,42.735,0.619,43.974,68.999,-194.89
246,35,M,20.634,0.349,21.332,59.129,-183.01,27,31.367,0.389,32.146,80.531,-192.807
247,35,M,14.919,0.21,15.34,70.936,-181.095,24,34.295,0.483,35.261,71.009,-192.315
248,35,M,10.786,0.181,11.148,59.696,-174.405,34,37.326,0.5,38.327,74.616,-194.122
249,35,M,19.243,0.309,19.861,62.301,-182.774,21,41.394,0.634,42.662,65.295,-193.718
250,35,M,7.297,0.271,7.839,26.954,-158.439,16,42.903,0.608,44.119,70.547,-195.242
251,35,M,7.384,0.129,7.642,57.156,-168.717,22,38.872,0.622,40.116,62.492,-192.281
252,35,M,12.049,0.338,12.726,35.621,-168.945,25,36.072,0.636,37.345,56.672,-189.959
253,35,M,16.832,0.372,17.577,45.209,-176.654,22,30.2,0.386,30.973,78.163,-191.895
254,35,M,22.891,0.409,23.709,56.022,-183.681,24,18.345,0.338,19.02,54.343,-180.29
255,35,M,9.579,0.092,9.763,104.096,-180.294,23,20.653,0.25,21.153,82.664,-187.533
256,35,M,7.26,0.308,7.875,23.601,-156.581,21,10.775,0.314,11.402,34.344,-166.948
257,35,M,12.05,0.415,12.879,29.07,-166.209,29,38.161,0.85,39.86,44.917,-187.587
258,35,M,10.789,0.178,11.145,60.718,-174.638,18,41.641,0.671,42.982,62.068,-193.116
259,35,M,12.438,0.357,13.153,34.819,-169.066,21,23.83,0.214,24.258,111.251,-193.458
260,35,M,15.253,0.215,15.684,70.815,-181.37,21,36.272,0.477,37.227,75.995,-193.983
261,35,M,12.405,0.366,13.138,33.862,-168.655,27,60.02,1.636,63.291,36.694,-190.961
262,35,M,13.76,0.443,14.647,31.036,-168.877,16,34.195,0.819,35.833,41.761,-185.129
263,35,M,18.291,0.258,18.807,70.921,-183.835,30,38.473,0.471,39.415,81.72,-195.754
264,35,M,10.745,0.176,11.097,61.047,-174.655,NA,55.099,0.528,56.155,104.411,-203.889
265,35,M,18.126,0.213,18.552,85.025,-186.155,18,43.37,0.517,44.404,83.88,-197.718
266,35,M,8.011,0.373,8.757,21.481,-156.639,24,44.1,1.152,46.404,38.288,-187.385
267,35,M,11.972,0.531,13.033,22.556,-162.706,23,22.193,0.317,22.826,70.117,-186.285
268,35,M,12.246,0.119,12.485,102.708,-183.42,14,22.644,0.248,23.139,91.449,-190.132
269,35,M,16.162,0.247,16.655,65.552,-181.11,20,47.366,0.502,48.371,94.272,-200.477
270,35,M,10.59,0.292,11.175,36.208,-167.427,22,24.326,0.265,24.855,91.899,-191.163
271,35,M,21.234,0.284,21.801,74.815,-186.563,22,16.901,0.219,17.339,77.276,-183.927
272,35,M,10.853,0.377,11.607,28.773,-164.662,23,27.457,0.321,28.099,85.449,-191.813
273,35,M,10.329,0.32,10.969,32.282,-165.546,21,35.021,0.577,36.174,60.722,-190.49
274,35,M,27.355,0.633,28.621,43.229,-182.589,25,46.844,0.473,47.789,99.106,-201.001
275,35,M,11.845,0.189,12.223,62.671,-176.321,28,30.586,0.248,31.081,123.569,-198.232
276,35,M,23.697,0.25,24.198,94.784,-191.227,23,30.411,0.467,31.345,65.165,-189.54
277,35,M,11.952,0.52,12.993,22.974,-162.931,23,45.681,0.807,47.295,56.606,-193.122
278,35,M,7.677,0.2,8.076,38.477,-163.914,24,48.52,0.652,49.825,74.381,-197.611
279,35,M,27.077,1.141,29.359,23.734,-174.379,20,29.96,0.348,30.657,86.033,-193.079
280,35,M,NA,NA,NA,NA,NA,NA,NA,NA,NA,NA,NA
281,35,M,18.239,0.256,18.751,71.305,-183.87,23,26.696,0.314,27.325,84.942,-191.355
282,35,M,18.393,0.258,18.909,71.234,-183.969,17,24.812,0.416,25.643,59.712,-185.624
283,35,M,25.449,0.745,26.939,34.149,-178.442,25,34.988,0.767,36.522,45.624,-186.628
284,35,M,6.234,0.248,6.729,25.188,-155.407,28,27.972,0.494,28.96,56.648,-186.529
285,35,M,8.241,0.143,8.527,57.655,-170.313,17,59.3,0.833,60.965,71.203,-199.724
286,35,M,13.603,0.275,14.153,49.381,-174.975,21,25.433,0.451,26.335,56.39,-185.187
287,35,M,NA,NA,NA,NA,NA,NA,NA,NA,NA,NA,NA
288,35,M,14.017,0.298,14.612,47.108,-174.745,29,23.424,0.44,24.305,53.211,-183.298
289,35,M,24.11,0.139,24.387,173.867,-199.627,17,37.092,0.375,37.842,98.964,-197.839
290,35,M,NA,NA,NA,NA,NA,NA,NA,NA,NA,NA,NA
291,35,M,7.123,0.224,7.571,31.758,-160.322,26,29.498,0.565,30.629,52.165,-186.134
292,35,M,9.574,0.215,10.005,44.471,-168.837,20,20.62,0.46,21.54,44.824,-179.272
293,35,M,11.001,0.292,11.585,37.673,-168.474,18,41.094,0.693,42.479,59.323,-192.329
294,35,M,8.716,0.21,9.136,41.544,-166.656,19,32.322,0.436,33.193,74.201,-192.109
295,35,M,18.191,0.174,18.539,104.524,-188.983,27,19.883,0.255,20.394,77.857,-186.215
296,35,F,9.159,0.891,10.941,10.28,-148.522,22,43.12,0.683,44.487,63.12,-193.812
297,35,F,11.032,0.221,11.474,50.007,-172.324,22,33.782,0.435,34.651,77.717,-193.327
298,35,F,9.826,0.293,10.412,33.505,-165.373,24,20.079,0.213,20.505,94.38,-188.938
299,35,F,31.609,0.505,32.619,62.579,-189.515,21,28.855,0.34,29.535,84.883,-192.392
300,35,F,32.061,0.496,33.053,64.609,-190.136,24,27.106,0.212,27.53,128.107,-197.092
301,35,F,9.767,0.622,11.011,15.692,-155.08,26,35.751,0.482,36.714,74.213,-193.469
302,35,F,7.24,0.327,7.894,22.134,-155.681,28,16.37,0.276,16.922,59.304,-179.933
303,35,F,20.619,0.495,21.61,41.616,-178.272,21,28.888,0.361,29.61,79.956,-191.602
304,35,F,12.05,0.425,12.901,28.336,-165.866,25,22.066,0.295,22.656,74.809,-187.08
305,35,F,20.095,0.199,20.493,100.84,-189.84,20,20.325,0.31,20.945,65.554,-184.195
306,35,F,21.178,0.265,21.709,79.784,-187.394,29,18.048,0.281,18.61,64.198,-182.314
307,35,F,NA,NA,NA,NA,NA,NA,NA,NA,NA,NA,NA
308,35,F,7.363,0.19,7.744,38.677,-163.421,20,40.335,0.477,41.289,84.581,-196.854
309,35,F,14.089,0.323,14.735,43.615,-173.776,24,19.84,0.287,20.413,69.23,-184.605
310,35,F,12.621,0.216,13.053,58.424,-176.23,21,25.485,0.326,26.137,78.23,-189.621
311,35,F,11.954,0.248,12.45,48.169,-172.901,22,21.751,0.335,22.422,64.872,-184.968
312,35,F,14.686,0.215,15.116,68.261,-180.365,23,15.925,0.268,16.462,59.317,-179.565
313,35,F,10.974,0.713,12.399,15.402,-156.398,29,30.725,0.501,31.726,61.357,-188.868
314,35,F,21.074,1.429,23.933,14.743,-164.594,22,17.862,0.432,18.725,41.368,-176.258
315,35,F,14.813,0.364,15.541,40.7,-173.52,23,24.73,0.299,25.328,82.645,-189.955
316,35,F,16.732,0.321,17.374,52.047,-178.47,22,35.999,0.601,37.202,59.862,-190.669
317,35,F,23.952,0.348,24.648,68.849,-187.066,21,22.289,0.432,23.154,51.561,-182.205
318,35,F,9.503,0.456,10.416,20.817,-158.517,22,42.059,0.582,43.224,72.233,-195.292
319,35,F,8.516,0.268,9.052,31.769,-162.732,27,33.31,0.42,34.151,79.254,-193.401
320,35,F,12.362,0.277,12.917,44.564,-172.305,22,25.803,0.216,26.235,119.406,-195.481
321,35,F,16.129,0.358,16.845,45.091,-176.045,27,36.225,0.524,37.272,69.173,-192.699
322,35,F,15.643,0.54,16.724,28.952,-169.668,24,23.31,0.424,24.158,54.968,-183.669
323,35,F,20.753,0.182,21.118,113.804,-191.903,20,20.95,0.247,21.443,84.843,-188.075
324,35,F,8.301,0.185,8.671,44.879,-167.038,24,38.992,0.455,39.901,85.769,-196.585
325,35,F,10.657,0.277,11.21,38.531,-168.349,26,32.633,0.486,33.606,67.085,-190.881
326,35,F,17.722,0.25,18.223,70.834,-183.393,20,41.871,0.536,42.943,78.052,-196.275
327,35,F,NA,NA,NA,NA,NA,NA,NA,NA,NA,NA,NA
328,35,F,17.42,0.269,17.958,64.697,-181.941,24,13.934,0.211,14.356,65.981,-179.2
329,35,F,7.967,0.283,8.533,28.193,-160.227,17,21.872,0.28,22.431,78.226,-187.562
330,35,F,8.061,0.239,8.539,33.709,-162.789,20,27.208,0.37,27.948,73.505,-189.663
331,35,F,7.469,0.466,8.402,16.019,-151.747,17,34.974,0.332,35.638,105.349,-197.89
332,35,F,13.19,0.247,13.683,53.474,-175.632,22,32.639,0.283,33.206,115.3,-198.175
333,35,F,35.949,1.333,38.616,26.959,-179.91,16,16.008,0.262,16.531,61.173,-180.05
334,35,F,9.831,0.579,10.989,16.994,-156.242,19,24.424,0.428,25.28,57.068,-184.802
335,35,F,6.71,0.132,6.974,50.81,-165.844,20,22.57,0.31,23.19,72.848,-187.026
336,35,F,18.081,0.465,19.011,38.861,-175.58,20,29.852,0.392,30.637,76.072,-191.374
337,35,F,13.254,0.318,13.89,41.678,-172.342,25,30.424,0.212,30.849,143.239,-200.15
338,35,F,23.462,0.305,24.072,76.897,-188.277,27,38.306,0.493,39.292,77.758,-195.026
339,35,F,23.356,0.605,24.566,38.599,-178.936,26,11.532,0.14,11.813,82.21,-179.614
340,35,F,9.727,0.208,10.143,46.814,-169.741,24,49.8,0.64,51.081,77.768,-198.561
341,35,F,10.739,0.176,11.092,60.848,-174.603,33,21.391,0.269,21.928,79.622,-187.501
342,35,F,7.986,0.226,8.438,35.354,-163.305,27,40.587,0.492,41.571,82.517,-196.605
343,35,F,9.913,0.371,10.655,26.744,-162.459,18,34.281,0.479,35.239,71.624,-192.425
344,35,F,13.082,0.223,13.529,58.574,-176.748,21,24.942,0.369,25.681,67.552,-187.356
345,35,F,8.149,0.312,8.772,26.157,-159.521,21,30.013,0.525,31.062,57.187,-187.605
346,35,F,13.106,0.281,13.667,46.648,-173.707,25,22.108,0.379,22.866,58.32,-183.753
347,35,F,13.356,0.274,13.903,48.795,-174.568,20,27.955,0.51,28.976,54.781,-186.07
348,35,F,17.655,0.913,19.481,19.336,-165.862,20,20.041,0.286,20.613,70.073,-184.903
349,35,F,18.104,0.522,19.148,34.701,-174.074,24,18.252,0.283,18.818,64.511,-182.531
350,35,F,12.515,0.745,14.006,16.79,-159.329,22,34.736,0.715,36.167,48.552,-187.369
351,35,F,9.727,0.129,9.985,75.322,-176.144,18,29.084,0.392,29.868,74.137,-190.676
352,35,F,14.26,0.322,14.905,44.271,-174.14,21,31.956,0.471,32.898,67.879,-190.757
353,35,F,11.316,0.313,11.942,36.174,-168.307,22,17.101,0.185,17.471,92.35,-186.484
354,35,F,14.242,0.382,15.006,37.29,-171.812,22,28.043,0.66,29.363,42.476,-182.687
355,35,F,15.718,0.427,16.573,36.782,-172.955,21,20.388,0.333,21.054,61.228,-183.318
356,35,F,9.549,0.314,10.177,30.372,-163.667,21,30.39,0.416,31.221,73.139,-191.085
357,35,F,8.021,0.211,8.443,38.01,-164.34,24,42.018,0.601,43.221,69.882,-194.834
358,35,F,18.921,0.755,20.432,25.046,-170.278,19,24.258,0.323,24.904,75.057,-188.4
359,35,F,8.214,0.223,8.659,36.872,-164.25,25,30.199,0.207,30.612,146.051,-200.311
360,35,F,NA,NA,NA,NA,NA,NA,NA,NA,NA,NA,NA
361,35,F,9.602,0.232,10.067,41.318,-167.885,26,24.94,0.492,25.924,50.694,-183.489
362,35,F,6.047,0.283,6.613,21.37,-152.784,20,29.422,0.517,30.456,56.902,-187.27
363,35,F,13.952,0.469,14.89,29.751,-168.494,18,27.407,0.307,28.022,89.159,-192.361
364,35,F,5.848,0.208,6.264,28.173,-156.055,25,18.704,0.285,19.273,65.65,-183.096
365,35,F,7.547,0.436,8.419,17.316,-152.935,19,25.518,0.484,26.485,52.752,-184.333