Mouse,Generation,Sex,InitialWeight,FinalWeight,AST,ALT,ASTALTRatio,BUN,Glucose,NADPH,NADP,NADPNADPHRatio,NADH,LiverWeight,LiverTotalGSH,LiverGSH,LiverGSSG,LiverGSHGSSGRatio,LiverEh,Steatosis,Ballooning,Fibrosis,Inflammation,KidneyTotalGSH,KidneyGSH,KidneyGSSG,KidneyGSHGSSGRatio,KidneyEh
1,30,M,NA,38.9,59,30,1.967,28,104,0.604,NA,NA,NA,1.788,47.071,46.189,0.441,104.688,-201.549,0,4,0,1,17.819,17.232,0.293,58.746,-180.497
2,30,M,NA,46.6,89,43,2.07,23,153,0.609,NA,NA,3.066,1.922,61.701,60.649,0.526,115.305,-206.517,0,4,0,0,14.922,14.566,0.178,81.846,-182.699
3,30,M,NA,39.9,197,NA,NA,26,120,0.642,NA,NA,NA,2.092,111.584,109.341,1.121,97.5,-212.193,0,4,0,0,17.98,17.596,0.192,91.689,-186.772
4,30,M,NA,40.8,58,28,2.071,20,94,0.647,NA,NA,NA,1.485,84.653,83.233,0.71,117.201,-210.998,0,2,0,2,18.263,17.856,0.203,87.918,-186.404
5,30,M,NA,45.2,39,23,1.696,21,98,0.766,NA,NA,NA,1.768,31.451,30.433,0.509,59.798,-188.393,0,3,0,2,19.181,18.927,0.127,149.191,-194.308
6,30,M,NA,35.7,60,29,2.069,29,87,0.374,NA,NA,3.516,1.56,55.632,54.483,0.575,94.831,-202.441,0,0,1,3,22.864,22.435,0.214,104.744,-191.835
7,30,M,NA,38,70,27,2.593,23,113,0.606,NA,NA,NA,1.844,44.145,43.243,0.451,95.786,-199.466,0,4,1,2,23.621,23.106,0.257,89.757,-190.153
8,30,M,NA,36,53,39,1.359,21,72,0.649,NA,NA,NA,1.47,39.461,38.471,0.495,77.696,-195.073,0,2,0,2,21.562,20.874,0.344,60.65,-183.507
9,30,M,NA,41.3,46,43,1.07,18,124,0.547,NA,NA,NA,1.999,45.782,44.49,0.646,68.878,-195.409,0,2,0,3,24.688,24.21,0.239,101.32,-192.412
10,30,M,NA,40,55,42,1.31,22,79,0.159,0.451,2.835,NA,2.437,64.686,63.417,0.635,99.94,-205.192,0,3,0,1,18.504,18.267,0.118,154.263,-194.28
11,30,M,NA,38.7,38,31,1.226,35,104,0.786,NA,NA,NA,1.949,100.58,97.954,1.313,74.61,-207.11,0,3,0,2,28.403,27.892,0.256,109.023,-195.305
12,30,M,NA,47,55,30,1.833,24,147,0.608,NA,NA,NA,1.872,74.772,73.065,0.853,85.642,-205.02,0,4,0,2,NA,NA,NA,NA,NA
13,30,M,NA,32.8,34,20,1.7,23,111,0.396,NA,NA,NA,1.571,37.995,37.024,0.485,76.275,-194.309,0,3,0,1,25.84,25.18,0.33,76.326,-189.128
14,30,M,NA,48.4,97,28,3.464,20,107,0.501,NA,NA,NA,2.441,117.232,113.359,1.937,58.53,-205.809,0,4,1,2,18.821,18.134,0.343,52.833,-179.756
15,30,M,NA,31.6,34,15,2.267,26,93,0.72,NA,NA,4.564,1.36,45.024,43.777,0.623,70.228,-195.453,0,1,1,3,19.874,19.597,0.138,141.623,-194.075
16,30,M,NA,30.7,53,26,2.038,21,65,0.436,0.552,1.267,NA,1.255,58.661,56.383,1.139,49.507,-194.152,0,0,0,1,19.505,19.13,0.187,102.26,-189.366
17,30,M,NA,48.1,52,33,1.576,19,69,0.777,NA,NA,NA,1.703,32.546,31.545,0.501,63.018,-189.582,0,2,0,3,20.264,19.771,0.246,80.27,-186.55
18,30,M,NA,46.6,37,18,2.056,32,160,0.238,NA,NA,NA,2.16,66.909,64.133,1.388,46.196,-194.954,3,2,0,1,16.393,15.562,0.416,37.418,-173.051
19,30,M,NA,47.5,53,32,1.656,25,95,0.516,0.924,1.792,3.906,1.655,96.544,94.55,0.997,94.805,-209.859,0,3,0,2,16.567,16.249,0.159,102.083,-187.145
20,30,M,NA,35.2,56,28,2,20,125,0.424,0.575,1.356,2.838,1.508,41.411,40.377,0.517,78.071,-195.789,0,3,0,2,31.045,30.422,0.312,97.651,-194.991
21,30,M,NA,38.5,51,26,1.962,23,120,0.433,0.829,1.914,3.009,1.919,42.728,41.869,0.429,97.55,-199.277,0,4,0,3,13.999,13.703,0.148,92.41,-183.51
22,30,M,NA,51.9,132,52,2.538,34,104,0.67,0.334,0.499,3.531,2.091,104.184,100.066,2.059,48.607,-201.629,0,3,0,2,24.133,23.858,0.137,173.825,-199.482
23,30,M,NA,51.5,58,41,1.415,24,152,0.456,0.46,1.007,2.732,3.162,73.924,71.729,1.098,65.348,-201.131,0,5,0,2,20.975,20.741,0.117,177.9,-197.909
24,30,M,NA,38.3,100,40,2.5,26,132,0.223,0.463,2.082,2.523,1.773,82.685,80.849,0.918,88.041,-206.755,0,3,0,1,17.379,17.061,0.159,107.116,-188.449
25,30,M,NA,37.1,56,39,1.436,22,92,0.276,0.801,2.906,1.954,1.724,62.999,61.53,0.734,83.788,-202.412,0,2,0,3,24.646,23.496,0.575,40.878,-179.789
26,NA,NA,NA,NA,NA,NA,NA,NA,NA,NA,NA,NA,NA,NA,NA,NA,NA,NA,NA,NA,NA,NA,NA,NA,NA,NA,NA,NA
27,30,M,NA,51.1,67,30,2.233,26,185,0.334,0.724,2.167,2.307,2.565,71.286,68.346,1.47,46.492,-195.897,0,4,0,0,13.423,13.118,0.152,86.157,-181.98
28,30,M,NA,33.6,61,28,2.179,33,107,0.488,0.525,1.075,2.363,1.496,101.746,99.552,1.097,90.745,-209.964,0,4,0,2,15.493,15.122,0.186,81.491,-183.144
29,30,M,NA,32.1,51,39,1.308,19,115,0.263,0.636,2.42,2.866,1.487,67.739,66.534,0.603,110.391,-207.177,0,3,0,3,17.719,17.249,0.235,73.508,-183.528
30,30,M,NA,39,78,23,3.391,28,127,0.359,0.53,1.477,3.168,1.584,20.094,19.669,0.213,92.445,-188.381,0,1,0,1,19.045,18.438,0.303,60.755,-181.86
31,30,M,NA,47.1,38,21,1.81,23,132,0.403,0.641,1.59,2.25,2.023,76.696,73.372,1.662,44.151,-196.157,0,4,0,1,23.36,22.394,0.483,46.34,-180.831
32,30,M,NA,53.7,57,36,1.583,40,243,0.609,0.417,0.685,3.106,3.068,43.781,42.164,0.809,52.134,-190.936,2,3,0,1,28.683,27.742,0.471,58.956,-186.955
33,30,M,NA,45.7,49,43,1.14,27,63,0.469,0.399,0.851,3.333,2.204,98.696,94.989,1.854,51.248,-201.64,1,4,0,2,21.74,20.97,0.385,54.465,-182.121
34,30,M,NA,31.1,74,34,2.176,26,103,0.405,0.579,1.429,3.829,1.516,18.523,18.045,0.239,75.506,-184.496,1,0,0,1,NA,NA,NA,NA,NA
35,30,M,NA,40.2,76,28,2.714,23,86,0.337,0.666,1.972,2.635,1.508,62.232,59.811,1.21,49.413,-194.921,1,2,0,2,26.465,25.193,0.636,39.605,-180.302
36,30,M,NA,52,50,36,1.389,24,122,0.527,0.421,0.798,2.433,2.91,34.621,33.472,0.575,58.251,-189.321,3,3,0,2,24.299,23.283,0.508,45.834,-181.207
37,NA,NA,NA,NA,NA,NA,NA,NA,NA,NA,NA,NA,NA,NA,NA,NA,NA,NA,NA,NA,NA,NA,NA,NA,NA,NA,NA,NA
38,30,M,NA,26.8,57,35,1.629,37,108,0.333,0.814,2.445,2.255,1.091,10.183,9.843,0.17,57.836,-172.747,0,0,0,2,49.074,47.712,0.681,70.068,-196.581
39,30,M,NA,46.3,35,21,1.667,24,216,0.295,0.502,1.701,1.409,2.422,53.7,52.436,0.632,82.948,-200.123,0,4,0,2,37.664,34.708,1.478,23.484,-177.579
40,NA,NA,NA,NA,NA,NA,NA,NA,NA,NA,NA,NA,NA,NA,NA,NA,NA,NA,NA,NA,NA,NA,NA,NA,NA,NA,NA,NA
41,30,M,NA,42.3,33,23,1.435,25,138,0.31,0.469,1.514,1.696,1.651,35.472,33.992,0.74,45.929,-186.329,0,1,0,2,32.566,31.808,0.379,83.945,-193.555
42,30,M,NA,38.7,51,23,2.217,28,100,0.288,0.507,1.76,1.61,1.627,77.522,74.136,1.693,43.784,-196.184,0,3,0,1,30.414,29.673,0.37,80.091,-191.986
43,NA,NA,NA,NA,NA,NA,NA,NA,NA,NA,NA,NA,NA,NA,NA,NA,NA,NA,NA,NA,NA,NA,NA,NA,NA,NA,NA,NA
44,30,M,NA,44.8,42,24,1.75,21,162,0.23,0.551,2.392,1.927,2.363,43.043,41.694,0.674,61.841,-193.084,0,5,0,2,39.317,37.463,0.927,40.433,-185.922
45,30,M,NA,48.6,34,19,1.789,26,142,0.271,0.401,1.484,0.653,3.111,58.744,57.554,0.595,96.683,-203.44,3,3,0,2,41.707,40.729,0.489,83.327,-196.783
46,30,M,NA,38.2,43,23,1.87,32,96,0.236,0.548,2.32,1.96,1.369,41.288,39.251,1.018,38.543,-185.906,0,0,0,1,30.439,28.945,0.747,38.763,-181.882
47,30,M,NA,35.1,96,31,3.097,35,83,0.401,0.435,1.087,1.407,1.665,60.774,58.81,0.982,59.864,-197.277,0,2,0,4,22.989,22.389,0.3,74.727,-187.261
48,30,M,NA,48.3,39,22,1.773,32,111,0.354,0.429,1.213,1.554,2.591,70.053,67.772,1.141,59.407,-199.083,3,1,0,1,32.243,30.58,0.832,36.765,-181.909
49,30,F,NA,22.9,50,18,2.778,29,78,0.151,0.794,5.245,1.581,1,66.603,65.096,0.754,86.383,-203.581,0,0,0,4,20.457,19.867,0.295,67.405,-184.264
50,30,F,NA,31.7,41,18,2.278,19,66,0.182,0.736,4.05,1.968,1.427,69.083,66.203,1.44,45.984,-195.32,0,0,0,2,40.331,37.152,1.589,23.374,-178.432
51,30,F,NA,41.5,49,19,2.579,17,111,0.121,0.782,6.444,2.011,1.096,38.697,38.048,0.325,117.133,-200.451,0,2,0,3,34.781,32.556,1.113,29.262,-179.679
52,30,F,NA,28.6,191,37,5.162,23,86,0.267,0.647,2.423,1.628,1.16,44.586,43.485,0.551,78.973,-196.942,0,0,0,4,28.16,26.125,1.017,25.682,-174.959
53,30,F,NA,39.8,42,31,1.355,18,66,0.107,0.717,6.71,0.953,1.521,49.301,47.974,0.664,72.288,-197.074,0,1,0,2,15.547,14.804,0.372,39.817,-173.215
54,30,F,NA,32.1,162,30,5.4,22,88,0.113,0.628,5.572,1.172,1.428,80.838,78.195,1.321,59.179,-200.958,0,1,0,2,38.686,35.462,1.612,22.005,-176.993
55,30,F,NA,44.4,60,34,1.765,24,94,0.104,0.621,5.993,1.551,1.869,60.082,58.039,1.022,56.816,-196.396,0,4,0,2,23.886,22.857,0.515,44.409,-180.533
56,30,F,NA,40.8,181,27,6.704,24,71,0.12,0.731,6.075,1.017,1.409,42.292,41.333,0.48,86.18,-197.435,0,1,0,1,20.87,19.802,0.534,37.079,-176.173
57,30,F,NA,44.1,58,29,2,25,86,0.35,0.694,1.984,0.986,1.524,55.34,54.147,0.597,90.721,-201.762,0,1,0,3,40.273,37.356,1.459,25.605,-179.733
58,NA,NA,NA,NA,NA,NA,NA,NA,NA,NA,NA,NA,NA,NA,NA,NA,NA,NA,NA,NA,NA,NA,NA,NA,NA,NA,NA,NA
59,30,F,NA,38.9,82,22,3.727,18,79,0.412,1.058,2.569,3.601,1.23,36.125,35.561,0.282,126.066,-200.531,0,4,0,1,45.835,43.863,0.986,44.479,-189.33
60,30,F,NA,28.7,40,20,2,21,80,0.721,1.057,1.467,4.405,1.262,53.386,52.215,0.586,89.18,-201.042,0,1,0,2,35.223,33.84,0.692,48.936,-187.123
61,30,F,NA,30.7,41,23,1.783,30,84,0.355,0.882,2.488,3.914,1.213,34.515,33.629,0.443,75.925,-192.952,0,3,0,1,29.548,27.418,1.065,25.744,-175.642
62,30,F,NA,36.2,151,23,6.565,19,91,0.378,0.647,1.713,2.932,1.269,38.805,38.041,0.382,99.569,-198.262,3,3,0,1,23.453,22.478,0.488,46.092,-180.809
63,30,F,NA,51.7,71,23,3.087,22,81,0.391,1.007,2.576,3.225,1.649,79.628,77.579,1.025,75.705,-204.167,1,3,0,2,28.605,27.883,0.361,77.141,-190.643
64,30,F,NA,18.5,NA,NA,NA,NA,78,0.324,0.891,2.75,3.062,0.662,22.691,22.147,0.272,81.455,-188.275,0,0,0,3,26.68,25.504,0.588,43.408,-181.702
65,30,F,NA,39,114,30,3.8,18,103,0.466,0.854,1.831,1.864,1.319,39.905,38.714,0.596,64.999,-192.756,0,2,0,2,22.955,22.398,0.279,80.368,-188.246
66,30,F,NA,31.7,42,22,1.909,26,99,0.687,0.723,1.053,2.842,1.048,57.045,55.925,0.56,99.901,-203.494,0,4,0,2,20.002,18.962,0.52,36.472,-175.367
67,30,F,NA,23.1,45,17,2.647,23,105,0.349,1.289,3.697,3.917,0.79,65.38,63.425,0.978,64.859,-199.373,0,0,0,3,24.293,23.619,0.337,70.102,-187.121
68,30,F,NA,33,45,24,1.875,19,90,0.305,0.967,3.172,2.693,1.599,42.881,41.32,0.781,52.912,-190.863,0,3,0,1,18.852,17.815,0.519,34.328,-173.711
69,30,F,NA,36,37,15,2.467,18,103,0.73,0.873,1.196,1.839,1.323,21.841,21.343,0.249,85.793,-188.476,1,3,0,2,19.388,18.715,0.337,55.559,-180.857
70,30,F,NA,28.8,40,19,2.105,24,74,0.296,0.75,2.529,2.45,1.189,56.941,55.792,0.574,97.179,-203.091,0,1,0,2,45.67,44.401,0.634,70.011,-195.601
71,30,F,NA,27.2,47,23,2.043,23,100,0.405,0.808,1.993,3.322,0.884,36.058,35.096,0.481,72.977,-192.994,0,2,0,2,40.579,39.774,0.403,98.81,-198.758
72,30,F,NA,30.3,45,20,2.25,23,103,0.513,0.746,1.454,1.171,1.181,69.081,67.491,0.795,84.89,-203.833,0,3,0,1,14.084,13.583,0.25,54.311,-176.237
73,30,F,NA,27.4,83,30,2.767,16,81,0.348,1.031,2.964,1.401,1.097,60.222,57.641,1.291,44.661,-193.062,0,3,0,3,16.961,16.418,0.271,60.475,-180.235
74,30,F,NA,28.8,145,29,5,27,102,0.249,1.216,4.877,2.89,1.147,54.914,53.704,0.605,88.751,-201.355,0,4,0,2,25.587,25.238,0.175,144.339,-197.736
75,30,F,NA,44.9,85,21,4.048,20,95,0.21,1.064,5.067,2.856,1.423,57.833,56.075,0.879,63.797,-197.492,0,1,0,2,15.196,14.911,0.142,104.848,-186.348
76,30,F,NA,28.1,41,17,2.412,21,80,0.279,0.883,3.16,2.223,1.166,30.607,29.623,0.492,60.183,-188.116,0,1,0,4,12.377,12.103,0.137,88.222,-181.214
77,30,F,NA,26.5,39,22,1.773,24,105,0.169,0.836,4.962,2.414,1.131,43.466,42.421,0.522,81.246,-196.991,0,3,0,2,19.974,18.56,0.707,26.261,-170.656
78,30,F,NA,27.1,103,21,4.905,20,96,0.25,0.962,3.852,3.703,1.196,60.072,57.887,1.092,52.989,-195.422,0,4,0,2,28.561,25.779,1.391,18.533,-170.388
79,30,F,NA,33.5,104,26,4,25,79,0.26,0.818,3.143,2.946,1.422,73.986,70.137,1.925,36.444,-192.967,0,4,0,2,22.542,21.592,0.475,45.453,-180.08
80,30,F,NA,48.4,45,16,2.813,21,98,0.204,0.988,4.842,3.485,1.805,43.91,42.097,0.907,46.432,-189.355,0,4,0,2,21.846,20.806,0.52,40.025,-177.868
81,30,F,NA,52.8,39,25,1.56,25,83,0.269,0.971,3.603,1.677,2.915,62.065,59.944,1.061,56.516,-196.759,2,4,0,2,20.307,19.481,0.413,47.161,-179.191
82,30,F,NA,57.3,43,23,1.87,18,141,0.429,0.445,1.036,2.892,2.698,55.507,54.085,0.711,76.07,-199.375,2,4,0,1,28.363,27.36,0.502,54.548,-185.723
83,30,F,NA,24.9,64,31,2.065,21,80,0.093,0.43,4.633,2.212,1.104,30.58,29.302,0.639,45.826,-184.3,0,1,0,2,29.135,28.458,0.339,84.035,-192.07
84,30,F,NA,21.6,169,27,6.259,19,53,0.13,0.859,6.632,2.089,0.961,17.886,17.017,0.434,39.173,-174.872,NA,NA,0,NA,21.61,20.478,0.566,36.186,-176.297
85,30,F,NA,31.9,140,23,6.087,22,96,0.21,0.767,3.653,1.626,1.136,43.046,41.923,0.562,74.651,-195.692,0,2,0,1,24.067,23.403,0.332,70.503,-187.074
86,30,F,NA,21.1,51,19,2.684,19,110,0.168,0.707,4.198,3.012,0.7,60.514,58.666,0.924,63.481,-198.034,0,0,0,2,37.016,36.498,0.259,140.918,-202.38
87,30,F,NA,37.2,37,15,2.467,16,94,0.105,0.879,8.351,1.817,1.51,60.354,58.6,0.877,66.814,-198.708,0,4,0,3,26.168,25.359,0.405,62.686,-186.573
88,30,F,NA,28,52,22,2.364,19,97,0.142,0.459,3.223,2.26,1.024,31.021,30.238,0.392,77.236,-191.751,0,3,0,2,21.079,20.485,0.297,68.872,-184.965
89,30,F,NA,46.9,61,31,1.968,22,110,0.146,1.51,10.334,0.901,1.918,51.074,48.668,1.203,40.466,-189.456,0,3,0,3,29.111,27.867,0.622,44.811,-183.323
90,30,F,NA,39,84,24,3.5,20,107,0.565,1.162,2.057,2.834,1.999,53.739,53.045,0.347,152.98,-208.52,0,4,0,2,17.961,17.653,0.154,114.633,-189.822
91,30,F,NA,48.1,62,27,2.296,18,100,0.345,1.313,3.808,2.13,1.962,40.439,38.296,1.072,35.74,-184.557,0,4,0,3,11.278,10.958,0.16,68.42,-176.454
92,30,F,NA,27.8,186,NA,NA,19,82,0.258,1.067,4.141,1.611,1.157,39.458,37.858,0.8,47.314,-188.18,0,2,0,3,19.006,18.185,0.41,44.303,-177.422
93,30,F,NA,52.2,59,27,2.185,23,147,0.323,0.642,1.984,1.939,2.141,62.92,60.273,1.323,45.549,-193.929,1,4,0,4,14.233,13.688,0.273,50.224,-175.287
94,30,F,NA,35.2,101,20,5.05,16,65,0.192,0.726,3.784,1.828,1.453,59.917,58.15,0.884,65.792,-198.396,0,4,0,3,10.913,10.602,0.155,68.195,-175.965
95,30,F,NA,27.3,117,18,6.5,14,152,0.302,0.901,2.982,2.623,1.098,77.595,75.541,1.027,73.539,-203.418,0,3,0,2,17.008,16.12,0.444,36.288,-173.112
96,30,F,NA,35.4,48,28,1.714,19,89,0.098,0.659,6.69,2,1.998,46.075,44.915,0.58,77.44,-197.114,0,5,0,3,13.867,10.735,1.566,6.855,-145.203
97,30,F,NA,29.6,50,20,2.5,21,81,0.159,0.671,4.218,2.497,1.357,59.371,55.868,1.752,31.894,-188.109,0,3,0,2,24.498,21.481,1.508,14.242,-164.387
98,30,F,NA,36.8,58,28,2.071,22,73,0.106,0.742,7.034,1.859,1.776,46.609,44.531,1.039,42.863,-189.035,0,3,0,3,14.833,14.07,0.382,36.879,-171.499
99,32,M,27.9,37.8,64,29,2.207,21,98,0.18,0.422,2.343,3.52,1.651,41.56,40.565,0.498,81.486,-196.428,0,4,0,2,19.793,19.386,0.204,95.156,-188.575
100,NA,NA,NA,NA,NA,NA,NA,NA,NA,NA,NA,NA,NA,NA,NA,NA,NA,NA,NA,NA,NA,NA,NA,NA,NA,NA,NA,NA
101,32,M,31,48.2,NA,NA,NA,NA,120,0.178,0.412,2.316,4.412,2.083,63.188,61.663,0.763,80.865,-201.963,0,4,0,1,22.433,22.018,0.207,106.154,-191.762
102,32,M,26,35.8,73,25,2.92,31,95,0.175,0.588,3.349,4.536,1.64,36.199,35.474,0.363,97.813,-197.081,0,4,0,2,11.692,10.876,0.408,26.656,-163.662
103,32,M,33.3,35,46,22,2.091,34,147,0.189,0.51,2.692,3.898,1.849,33.222,32.535,0.344,94.704,-195.482,0,3,0,2,24.54,24.06,0.24,100.177,-192.176
104,32,M,34.1,43.2,42,23,1.826,26,87,0.226,0.353,1.564,2.915,1.903,55.006,54.108,0.449,120.507,-205.574,0,5,0,1,18.461,18.006,0.227,79.156,-185.103
105,32,M,32.1,34.5,83,21,3.952,19,96,0.1,0.33,3.3,4.275,1.739,48.832,48.125,0.354,136.008,-205.626,0,5,0,1,22.64,22.181,0.229,96.667,-190.601
106,32,M,26,38.5,76,21,3.619,25,137,0.228,0.367,1.613,4,1.897,56.03,54.707,0.661,82.719,-200.657,0,4,0,2,19.889,19.095,0.397,48.082,-179.182
107,32,M,30.9,51.7,80,40,2,36,96,0.128,0.29,2.257,3.739,2.466,44.501,43.249,0.626,69.123,-195.076,1,3,0,2,18.653,18.422,0.115,159.978,-194.884
108,NA,NA,NA,NA,NA,NA,NA,NA,NA,NA,NA,NA,NA,NA,NA,NA,NA,NA,NA,NA,NA,NA,NA,NA,NA,NA,NA,NA
109,32,M,30.5,42.3,212,42,5.048,23,93,0.198,0.255,1.287,4.141,1.903,83.31,82.234,0.538,152.937,-214.418,0,4,0,2,13.61,13.313,0.149,89.586,-182.704
110,32,M,30.3,39.6,77,36,2.139,20,94,0.17,0.548,3.232,2.607,1.765,39.255,38.11,0.573,66.564,-192.865,0,2,0,1,20.314,19.962,0.176,113.268,-191.316
111,32,M,26.7,43.5,61,23,2.652,26,108,0.245,0.219,0.895,3.012,1.765,72.44,70.993,0.723,98.148,-206.468,0,2,0,2,16.033,15.697,0.168,93.519,-185.5
112,NA,NA,NA,NA,NA,NA,NA,NA,NA,NA,NA,NA,NA,NA,NA,NA,NA,NA,NA,NA,NA,NA,NA,NA,NA,NA,NA,NA
113,32,M,34.6,51.5,56,40,1.4,25,241,0.149,0.313,2.099,2.902,2.686,62.171,61.031,0.57,107.04,-205.6,0,4,0,1,14.524,14.022,0.251,55.864,-177.044
114,32,M,30.2,39,34,19,1.789,22,94,0.218,0.277,1.266,3.21,1.687,59.213,56.986,1.114,51.173,-194.741,0,2,0,2,20.648,20.103,0.272,73.788,-185.64
115,32,M,30.6,38.6,36,19,1.895,23,93,0.15,0.422,2.819,3.084,1.419,35.597,34.88,0.358,97.347,-196.79,0,1,0,2,15.024,14.665,0.179,81.768,-182.777
116,32,M,30.4,37.4,37,24,1.542,23,106,0.07,0.356,5.087,3.01,1.95,46.255,43.797,1.229,35.629,-186.322,2,2,0,2,23.031,22.483,0.274,82.096,-188.583
117,32,M,36.8,64.5,35,24,1.458,24,103,0.087,0.343,3.942,2.785,3.032,42.838,41.446,0.696,59.58,-192.502,3,2,0,3,11.607,11.432,0.088,130.651,-185.734
118,32,M,21.8,27.7,44,17,2.588,25,77,0.35,0.733,2.095,3.362,1.461,55.922,54.411,0.756,71.988,-198.713,0,4,0,2,17.322,16.807,0.257,65.277,-181.58
119,32,M,27.5,46.9,NA,NA,NA,NA,124,0.242,0.52,2.149,2.881,2.51,91.58,88.263,1.658,53.226,-201.161,1,5,0,2,21.056,20.387,0.335,60.884,-183.241
120,NA,NA,NA,NA,NA,NA,NA,NA,NA,NA,NA,NA,NA,NA,NA,NA,NA,NA,NA,NA,NA,NA,NA,NA,NA,NA,NA,NA
121,32,M,26.8,39.8,68,23,2.957,21,108,0.344,0.78,2.269,4.979,1.471,39.721,39.004,0.359,108.685,-199.777,0,2,0,2,7.888,7.311,0.289,25.337,-157.632
122,32,M,28.1,36.8,120,30,4,26,116,0.139,0.885,6.352,2.553,1.715,60.826,58.994,0.916,64.401,-198.303,0,2,0,2,14.926,14.462,0.232,62.232,-178.913
123,32,M,31.1,36.7,93,30,3.1,33,80,0.215,0.629,2.932,3.338,1.712,66.967,65.42,0.774,84.537,-203.357,0,3,0,1,13.033,12.321,0.356,34.629,-168.865
124,32,M,26,41.1,64,18,3.556,21,118,0.277,1.028,3.711,2.519,1.898,64.036,62.07,0.983,63.157,-198.724,0,3,0,1,16.058,15.583,0.237,65.705,-180.65
125,32,M,28.4,43.8,70,31,2.258,24,109,0.457,0.85,1.858,3.789,1.499,57.382,56.214,0.584,96.244,-203.062,0,3,0,2,14.71,14.291,0.21,68.172,-179.98
126,32,M,28.5,49,30,16,1.875,30,116,0.161,0.933,5.8,3.302,1.947,91.521,88.607,1.457,60.803,-203.005,1,4,0,1,8.06,7.316,0.372,19.668,-154.232
127,32,M,29.6,45.6,39,23,1.696,27,112,0.287,0.727,2.528,3.684,2.247,38.444,37.275,0.584,63.784,-191.992,1,4,0,1,11.614,11.057,0.278,39.732,-169.258
128,32,M,24,31.2,88,28,3.143,23,111,0.339,0.77,2.273,2.731,1.622,68.57,65.643,1.463,44.854,-194.871,0,3,0,0,6.699,6.4,0.15,42.79,-162.895
129,32,M,33.3,50.5,62,35,1.771,27,101,0.301,0.835,2.777,3.483,2.381,59.84,58.592,0.624,93.864,-203.282,0,5,0,1,14.167,13.567,0.3,45.265,-173.767
130,32,M,27.9,32.6,124,44,2.818,25,85,0.34,0.157,0.46,2.33,1.535,71.499,69.616,0.942,73.931,-202.39,0,1,0,2,18.569,18.104,0.233,77.773,-184.938
131,32,M,41.9,54.2,37,16,2.313,29,93,0.347,0.921,2.655,4.784,2.73,35.035,34.452,0.292,118.009,-199.215,0,4,0,1,12.513,11.595,0.459,25.235,-163.786
132,32,M,34.1,40.1,47,35,1.343,23,89,0.134,0.309,2.297,3.277,1.793,60.712,59.103,0.805,73.434,-200.094,0,3,0,2,12.718,12.164,0.277,43.931,-171.896
133,32,M,31.6,40.3,59,40,1.475,24,93,0.274,0.666,2.433,3.387,1.693,53.824,52.55,0.637,82.479,-200.076,0,3,0,2,20.453,20.047,0.203,98.642,-189.511
134,32,M,28,33.2,44,34,1.294,23,117,0.34,0.741,2.179,4.488,1.401,66.151,65.318,0.417,156.81,-211.655,0,2,0,2,15.932,15.606,0.163,95.847,-185.753
135,32,M,31.7,51.3,36,24,1.5,35,110,0.346,0.503,1.454,3.957,2.22,54.418,52.914,0.752,70.369,-198.031,1,5,0,1,16.77,16.377,0.196,83.36,-184.523
136,32,M,27.3,37.4,77,33,2.333,25,83,0.162,0.622,3.849,4.153,1.587,53.16,52.433,0.364,144.187,-207.566,0,1,0,3,17.263,16.718,0.272,61.35,-180.673
137,32,M,32.7,39.5,45,38,1.184,22,104,0.416,1.167,2.807,3.946,2.1,68.955,67.826,0.564,120.168,-208.579,0,3,0,2,17.809,17.59,0.11,160.364,-194.293
138,32,M,32.6,49.6,188,24,7.833,NA,99,0.595,1.007,1.693,5.008,2.351,NA,NA,1.289,NA,NA,0,3,0,2,13.446,13.196,0.125,105.445,-184.779
139,32,M,25.3,35.2,35,21,1.667,22,94,0.421,0.708,1.683,3.141,1.522,78.192,77.132,0.53,145.586,-212.893,0,4,0,2,17.591,16.95,0.32,52.895,-178.862
140,32,M,23.1,27.9,69,21,3.286,27,100,0.322,0.812,2.521,3.326,1.649,51.826,51.13,0.348,146.931,-207.481,0,2,0,2,22.67,22.074,0.298,74.159,-186.968
141,32,M,26.7,35.1,120,36,3.333,17,103,0.347,0.892,2.571,1.681,1.821,69.171,67.622,0.775,87.305,-204.237,0,4,0,1,14.391,14.079,0.156,90.148,-183.541
142,32,M,25.7,34.3,82,38,2.158,14,95,0.254,0.996,3.923,2.899,1.875,44.62,43.232,0.694,62.292,-193.669,0,3,0,3,11.343,10.797,0.273,39.577,-168.885
143,32,M,32.7,40.9,37,22,1.682,31,90,0.584,0.794,1.36,3.63,2.173,79.625,77.795,0.915,85.006,-205.764,0,3,0,1,25.157,24.427,0.365,66.935,-186.951
144,32,M,24.4,43.9,127,22,5.773,24,120,0.614,0.661,1.076,3.438,2.151,57.741,56.232,0.755,74.522,-199.622,0,4,0,2,15.408,14.762,0.323,45.702,-175.033
145,32,M,33,36.5,135,30,4.5,26,92,0.247,0.781,3.16,3.333,1.829,56.625,55.115,0.755,72.992,-199.073,0,2,0,2,16.208,15.203,0.502,30.267,-169.882
146,32,M,30.4,32.4,49,19,2.579,24,88,0.239,0.774,3.241,4.315,1.334,38.563,38.114,0.225,169.761,-205.471,0,2,0,1,20.031,18.939,0.546,34.708,-174.684
147,32,M,31.5,48,37,24,1.542,43,102,0.221,0.86,3.885,3.973,2.405,83.258,78.682,2.288,34.392,-193.734,1,4,0,1,17.873,17.19,0.342,50.335,-178.384
148,32,M,26.3,31.3,66,25,2.64,22,113,0.182,0.778,4.28,2.179,1.551,43.424,42.728,0.348,122.759,-202.645,0,2,0,2,23.734,21.795,0.97,22.479,-170.726
149,32,M,32.4,40.6,35,22,1.591,21,102,0.295,0.653,2.211,2.981,1.577,42.614,41.773,0.421,99.286,-199.483,0,1,0,2,23.729,23.045,0.342,67.39,-186.258
150,32,M,23.7,29.5,50,30,1.667,24,92,0.329,0.609,1.848,3.489,1.432,78.654,77.036,0.809,95.217,-207.16,0,1,0,4,16.571,15.11,0.731,20.675,-164.667
151,32,M,26.5,35.4,43,26,1.654,21,97,0.323,0.623,1.928,2.954,2.024,55.501,54.379,0.561,97.002,-202.721,0,4,0,2,27.81,27.169,0.321,84.707,-191.554
152,32,M,35.3,47.9,27,22,1.227,24,87,0.549,0.613,1.117,3.646,2.158,61.711,59.979,0.866,69.23,-199.499,0,2,0,2,20.382,19.68,0.351,56.058,-181.654
153,32,M,30.1,30.6,48,29,1.655,15,66,0.051,0.708,13.906,3.32,2.2,37.538,36.735,0.402,91.472,-196.649,0,0,0,3,10.265,9.941,0.162,61.509,-173.71
154,32,M,37.7,61.5,101,31,3.258,21,113,0.382,0.589,1.539,2.496,2.51,85.761,84.067,0.847,99.264,-208.896,0,3,0,2,16.22,15.85,0.185,85.649,-184.447
155,32,M,28.9,40.1,82,52,1.577,20,118,0.327,0.656,2.009,2.206,1.928,42.876,42.043,0.416,100.951,-199.794,0,4,0,2,12.52,12.208,0.156,78.416,-179.745
156,32,M,38.3,44.9,51,25,2.04,31,73,0.467,2.006,4.295,4.282,1.833,74.963,73.523,0.72,102.144,-207.477,0,4,0,3,9.171,8.56,0.306,27.993,-161.097
157,32,M,34.6,55.3,102,33,3.091,21,70,0.898,1.3,1.448,4.703,3.388,61.245,59.704,0.77,77.496,-200.956,5,1,0,2,16.163,15.872,0.146,108.786,-187.685
158,32,M,42.2,58.2,38,32,1.188,21,257,0.561,1.417,2.525,3.909,3.214,65.853,64.529,0.662,97.43,-205.084,2,4,0,2,19.421,19.14,0.141,136.197,-193.231
159,32,M,31.3,42.5,39,23,1.696,17,88,0.517,1.9,3.674,5.394,1.596,44.336,42.982,0.677,63.495,-193.849,0,5,0,2,24.037,23.537,0.25,94.142,-191.043
160,32,M,32.6,49.4,41,31,1.323,22,132,NA,1.414,NA,3.131,2.472,60.491,59.287,0.602,98.513,-204.092,0,4,0,1,14.479,13.85,0.315,44.036,-173.674
161,32,F,21.3,31.4,49,35,1.4,33,91,0.434,1.565,3.607,5.006,1.246,56.753,55.623,0.565,98.516,-203.234,0,4,0,2,23.109,22.434,0.338,66.431,-185.703
162,32,F,28.3,46,134,33,4.061,27,105,0.355,1.57,4.424,3.784,1.876,61.52,59.89,0.815,73.503,-200.285,1,5,0,3,24.058,23.452,0.303,77.446,-188.367
163,32,F,21.3,36,49,19,2.579,22,103,0.122,2.271,18.68,2.642,1.477,58.389,57.501,0.444,129.462,-207.358,0,2,0,2,19.825,19.072,0.377,50.626,-179.86
164,32,F,32.3,59.2,51,26,1.962,25,87,0.421,1.549,3.682,5.149,2.35,41.543,40.543,0.5,81.059,-196.35,1,4,0,2,22.744,21.967,0.388,56.596,-183.264
165,32,F,21,27,61,28,2.179,31,98,0.246,2.575,10.45,6.397,1.14,66.405,65.289,0.558,117.014,-207.707,0,3,0,3,17.42,16.522,0.449,36.781,-173.626
166,32,F,28.7,46.2,43,25,1.72,29,97,0.197,2.103,10.686,4.55,1.595,30.435,29.872,0.282,106.014,-195.851,0,2,0,3,11.158,10.521,0.319,33.024,-166.099
167,32,F,23.3,40.2,49,23,2.13,24,103,0.349,1.986,5.693,3.385,1.772,69.612,67.875,0.869,78.119,-202.79,0,5,0,2,18.858,18.151,0.354,51.326,-179.378
168,32,F,22.7,25.4,50,21,2.381,23,100,0.656,1.388,2.118,3.081,0.965,44.263,43.617,0.323,134.892,-204.191,0,4,0,1,11.549,10.962,0.294,37.302,-168.292
169,32,F,22.7,31.4,49,16,3.063,19,85,0.242,1.789,7.406,3.094,1.133,34.873,33.884,0.495,68.499,-191.668,0,3,0,2,7.648,7.161,0.244,29.368,-159.34
170,32,F,23.5,29.2,69,21,3.286,29,110,0.366,2.386,6.525,5.01,1.285,50.55,48.991,0.78,62.844,-195.472,0,3,0,2,20.976,20.56,0.208,98.835,-189.878
171,32,F,23.3,38.8,45,25,1.8,23,91,0.326,2.132,6.541,3.257,1.9,46.656,45.294,0.681,66.497,-195.176,0,5,0,2,12.335,11.819,0.258,45.806,-172.071
172,32,F,26.6,39,49,23,2.13,30,80,0.205,1.865,9.091,3.091,1.382,37.025,35.796,0.615,58.21,-190.216,0,3,0,2,16.432,15.81,0.311,50.848,-177.394
173,32,F,19.3,30.3,72,21,3.429,25,67,0.36,2.079,5.775,2.147,1.19,52.254,51.148,0.553,92.54,-201.262,0,1,0,2,22.868,22.236,0.316,70.468,-186.379
174,32,F,29.7,40.9,45,24,1.875,27,100,0.116,1.47,12.649,4.265,1.573,57.373,54.028,1.672,32.304,-187.83,1,4,0,2,19.101,18.754,0.174,107.98,-189.832
175,32,F,22.1,32.1,42,21,2,24,98,0.071,1.384,19.547,3.218,1.394,42.062,40.877,0.592,69.011,-194.294,0,4,0,2,14.404,13.806,0.299,46.163,-174.267
176,32,F,21.3,33.5,75,29,2.586,27,93,0.236,0.942,3.996,3.293,1.593,44.624,43.273,0.675,64.063,-194.06,0,3,0,1,23.295,22.485,0.405,55.465,-183.305
177,32,F,22.1,27.4,52,24,2.167,23,74,0.26,1.316,5.058,2.104,1.073,65.031,63.604,0.713,89.172,-203.697,0,4,0,2,11.113,9.887,0.613,16.122,-155.609
178,32,F,18.1,25.6,41,17,2.412,20,129,0.463,0.88,1.899,4.503,1.078,67.702,66.38,0.661,100.373,-205.865,0,4,0,2,27.961,26.729,0.616,43.4,-182.331
179,32,F,23.8,33.1,58,31,1.871,16,76,0.167,0.792,4.746,3.107,1.366,50.039,48.678,0.681,71.503,-197.123,0,4,0,2,8.661,7.859,0.401,19.592,-155.142
180,32,F,22.4,34.7,39,17,2.294,20,102,0.171,0.895,5.219,3.074,1.337,57.634,55.553,1.04,53.392,-194.97,0,4,0,2,17.365,16.552,0.407,40.716,-175.019
181,32,F,23.3,42.8,37,15,2.467,18,100,0.274,0.904,3.294,5.234,1.81,23.096,22.179,0.458,48.408,-181.289,0,4,0,2,25.284,24.784,0.25,99.142,-192.435
182,32,F,26.3,49.3,104,26,4,20,114,0.305,0.668,2.19,3.928,2.362,62.46,61.091,0.684,89.296,-203.173,1,4,0,2,20.267,19.739,0.264,74.754,-185.57
183,32,F,20.5,27.1,75,29,2.586,29,78,0.118,0.92,7.786,4.831,1.334,39.685,38.593,0.546,70.703,-193.846,0,3,0,2,21.539,21.04,0.249,84.396,-188.063
184,32,F,27.1,47.9,42,20,2.1,29,91,0.19,0.78,4.097,6.933,1.568,48.025,46.445,0.79,58.794,-193.857,0,3,0,2,22.524,21.92,0.302,72.51,-186.57
185,32,F,22.6,47.5,47,34,1.382,28,76,0.107,0.948,8.849,5.322,1.677,41.96,41.295,0.332,124.199,-202.342,0,3,0,2,12.132,11.615,0.259,44.926,-171.575
186,32,F,26.3,49.4,57,41,1.39,26,138,0.376,0.538,1.429,5.536,2.322,39.629,38.685,0.472,81.883,-195.855,2,4,0,2,20.164,19.555,0.304,64.236,-183.402
187,32,F,17.5,32.5,44,14,3.143,22,125,0.285,0.776,2.722,4.663,1.499,105.566,103.986,0.79,131.606,-215.556,0,4,0,2,26.997,26.184,0.406,64.442,-187.375
188,32,F,20,24.9,39,18,2.167,26,92,0.197,0.767,3.888,5.028,0.934,44.906,43.736,0.585,74.777,-196.285,0,1,0,2,21.282,20.39,0.446,45.726,-179.389
189,32,F,25.5,45.5,146,28,5.214,30,86,0.185,0.894,4.821,4.386,1.785,54.876,53.721,0.578,93.017,-201.992,2,4,0,2,21.576,21.116,0.23,91.85,-189.25
190,32,F,20.4,39.7,111,25,4.44,27,122,0.25,0.814,3.249,6.133,1.203,39.124,38.101,0.511,74.524,-194.382,0,2,1,3,9.685,8.799,0.443,19.851,-156.841
191,NA,NA,NA,NA,NA,NA,NA,NA,NA,NA,NA,NA,NA,NA,NA,NA,NA,NA,NA,NA,NA,NA,NA,NA,NA,NA,NA,NA
192,32,F,19.7,34.3,34,17,2,17,100,0.062,1.091,17.539,1.581,1.572,51.646,51.069,0.288,177.181,-209.986,0,4,0,2,12.538,11.249,0.645,17.443,-158.406
193,32,F,21.5,27.5,59,26,2.269,25,88,0.241,0.813,3.372,2.442,1.065,49.565,48.404,0.58,83.435,-199.125,0,2,1,3,28.556,28.091,0.233,120.705,-196.771
194,32,F,31.4,60.6,51,25,2.04,23,125,0.375,0.983,2.624,2.884,2.293,47.565,46.726,0.42,111.349,-202.535,0,4,0,1,17.577,17.041,0.268,63.583,-181.412
195,32,F,21.7,28.8,48,20,2.4,28,98,0.249,1.867,7.489,3.163,1.299,35.559,34.508,0.525,65.682,-191.348,0,2,0,3,27.75,26.363,0.694,38.013,-180.36
196,32,F,27.4,42.3,37,23,1.609,25,113,0.166,0.886,5.354,3.151,1.65,66.9,65.85,0.525,125.492,-208.764,0,4,0,1,24.296,23.369,0.464,50.408,-182.537
197,32,F,23.7,31.5,50,28,1.786,26,91,0.074,0.661,8.925,3.362,1.348,44.14,43.049,0.546,78.871,-196.789,0,2,0,2,23.099,22.605,0.247,91.507,-190.117
198,32,F,24.8,36.7,34,16,2.125,18,97,0.241,0.59,2.449,5.082,1.343,55.449,53.834,0.808,66.641,-197.531,0,1,0,2,18.995,18.291,0.352,52.007,-179.659
199,32,F,22.9,34.7,44,14,3.143,22,110,0.138,0.457,3.309,3.61,1.487,51.641,50.428,0.606,83.156,-199.631,0,4,0,1,19.35,18.25,0.55,33.17,-173.574
200,32,F,18.8,29.2,54,24,2.25,24,88,0.206,0.857,4.151,4.112,1.002,56.342,54.852,0.745,73.668,-199.133,0,3,0,2,24.507,23.646,0.431,54.919,-183.85
201,32,F,19.6,28.3,46,17,2.706,28,96,0.213,0.982,4.62,7.572,0.998,36.04,35.503,0.268,132.278,-201.156,0,4,0,1,10.336,9.829,0.253,38.808,-167.357
202,32,F,25,34.2,233,49,4.755,25,98,0.141,0.632,4.479,6.247,1.357,61.968,60.38,0.794,76.028,-200.85,0,3,0,3,17.099,16.718,0.19,87.965,-185.525
203,32,F,24.5,33.9,44,17,2.588,24,77,0.089,0.982,10.998,4.983,1.367,36.928,36.232,0.348,104.078,-198.202,0,2,0,2,5.069,4.744,0.163,29.19,-153.714
204,32,F,26.3,41.4,51,23,2.217,22,99,0.145,0.725,5.006,3.056,1.757,57.724,55.042,1.341,41.043,-191.304,0,5,0,2,11.997,11.35,0.323,35.092,-167.938
205,32,F,22.2,33.8,41,24,1.708,25,92,0.082,0.446,5.424,3.215,1.225,37.233,36.084,0.575,62.786,-191.343,0,2,0,2,19.79,19.342,0.224,86.46,-187.255
206,32,F,19.3,27.5,46,24,1.917,24,83,0.019,0.642,33.067,4.171,1.001,54.884,53.802,0.541,99.446,-202.912,0,3,0,2,19.339,18.534,0.402,46.088,-178.21
207,32,F,23.9,48.4,65,30,2.167,26,72,0.131,0.401,3.053,5.633,1.737,32.618,31.572,0.523,60.35,-189.011,0,3,0,2,21.535,20.773,0.381,54.512,-182.006
208,32,F,22.7,32.4,70,31,2.258,28,82,0.071,0.576,8.079,5.016,1.65,56.486,55.098,0.694,79.4,-200.202,0,3,0,3,24.322,23.483,0.42,55.928,-184.002
209,32,F,25.5,37.9,33,15,2.2,20,106,0.078,0.929,11.898,3.163,1.884,64.977,64.002,0.488,131.285,-208.989,0,4,0,3,16.856,16.391,0.233,70.392,-182.258
210,32,F,19.5,22.8,58,20,2.9,48,89,0.031,1.336,42.501,3.04,0.935,56.898,55.141,0.878,62.782,-197.051,0,1,0,2,25.7,25.407,0.146,173.517,-200.305
211,32,F,21.8,28.3,44,17,2.588,27,99,0.029,1.234,42.094,2.951,1.062,98.301,96.583,0.859,112.411,-212.439,0,3,0,3,26.515,25.851,0.332,77.882,-189.753
212,32,F,22.6,28.3,125,24,5.208,17,105,0.073,1.073,14.606,3.995,1.109,63.838,61.955,0.942,65.78,-199.247,0,2,0,2,23.354,22.468,0.443,50.752,-182.1
213,32,F,24.3,49.4,50,21,2.381,17,91,0.301,1.113,3.694,4.639,1.563,69.329,67.464,0.933,72.347,-201.675,0,3,0,2,20.292,19.862,0.215,92.334,-188.496
214,32,F,21.9,38.7,47,27,1.741,22,77,0.069,1.062,15.33,3.769,1.302,40.451,39.903,0.274,145.509,-204.013,0,2,0,3,6.16,5.602,0.279,20.077,-150.914
215,32,F,27.8,40.4,49,36,1.361,24,97,0.081,0.82,10.089,2.659,1.391,61.523,59.79,0.866,69.012,-199.414,1,4,0,4,14.846,14.15,0.348,40.651,-172.886
216,32,F,23.8,40.6,170,29,5.862,24,95,0.151,1.005,6.643,3.807,1.995,59.272,57.831,0.72,80.296,-201.004,0,4,0,2,8.917,8.174,0.372,22.001,-157.232
217,32,F,25.4,35.6,57,29,1.966,26,102,0.202,0.999,4.955,4.582,1.188,44.637,43.658,0.49,89.139,-198.626,0,4,0,2,16.771,16.343,0.214,76.371,-183.316
218,32,F,18.9,26.8,54,20,2.7,22,84,0.068,1.051,15.395,3.643,1.167,45.301,44.523,0.389,114.409,-202.25,0,3,0,3,23.903,22.969,0.467,49.184,-181.974
219,32,F,18.7,31.1,118,26,4.538,27,51,0.202,0.997,4.943,3.591,1.1,54.951,53.59,0.681,78.745,-199.716,0,2,0,3,25.756,24.987,0.384,65.032,-186.868
220,32,F,22.7,36.7,45,25,1.8,27,75,0.097,0.953,9.872,4.529,1.49,50.382,49.146,0.618,79.498,-198.679,1,4,0,1,21.171,20.556,0.307,66.873,-184.616
221,35,M,25.5,41.3,51,19,2.684,NA,85,0.254,0.928,3.655,1.365,1.595,23.301,22.848,0.226,101.011,-191.592,0,3,0,1,25.209,24.639,0.285,86.513,-190.522
222,35,M,30.6,52.8,29,18,1.611,NA,118,0.365,1.092,2.991,2.388,2.129,34.498,33.624,0.437,76.926,-193.126,0,4,0,1,15.791,15.234,0.279,54.692,-177.875
223,35,M,26.1,33.7,45,29,1.552,26,102,0.405,1.048,2.588,1.872,1.625,35.175,34.073,0.551,61.836,-190.365,0,4,0,2,19.616,18.939,0.338,55.997,-181.123
224,35,M,31.6,42.7,45,26,1.731,NA,103,0.34,1.243,3.661,3.269,2.025,56.621,55.034,0.794,69.333,-198.361,1,5,0,2,8.155,7.836,0.159,49.154,-167.487
225,35,M,26.5,36,84,22,3.818,32,95,0.111,1.221,10.987,2.223,1.348,42.575,41.679,0.448,93.065,-198.582,0,2,0,2,23.397,22.809,0.294,77.545,-188.009
226,35,M,27.6,32.1,52,28,1.857,NA,82,0.432,1.034,2.395,1.853,1.245,30.343,29.607,0.368,80.415,-192.011,0,3,0,2,15.488,14.538,0.475,30.584,-169.42
227,35,M,28.6,46.8,42,23,1.826,27,107,0.508,0.92,1.811,3.367,2.379,32.581,31.405,0.588,53.406,-187.294,0,4,0,1,10.309,9.841,0.234,41.983,-168.431
228,35,M,29.6,47.6,43,26,1.654,36,112,0.241,0.836,3.473,2.006,2.25,53.169,51.874,0.648,80.106,-199.509,0,3,0,2,9.692,9.459,0.117,81.134,-176.768
229,35,M,32,49.8,38,23,1.652,23,92,0.262,0.936,3.574,0.983,2.038,20.651,19.938,0.357,55.922,-181.797,0,2,0,2,22.053,21.644,0.204,106.05,-191.518
230,35,M,30.2,45.1,35,19,1.842,28,96,0.258,1.28,4.965,1.542,1.829,47.851,46.674,0.588,79.32,-197.954,0,3,0,2,19.408,18.153,0.628,28.927,-171.66
231,35,M,33.4,45.2,38,27,1.407,26,120,0.358,0.796,2.222,1.459,1.994,29.769,29.083,0.343,84.761,-192.479,0,4,0,1,22.877,22.293,0.292,76.42,-187.505
232,35,M,32.7,45.8,33,23,1.435,29,103,0.177,1.061,5.986,2.231,2.127,22.901,22.039,0.431,51.102,-181.932,1,4,0,1,13.883,13.133,0.375,35.005,-169.869
233,35,M,34.9,54.5,37,22,1.682,36,367,0.22,0.946,4.295,2.062,3.72,49.581,48.495,0.543,89.308,-200.066,0,4,0,2,12.901,12.473,0.214,58.264,-176.034
234,NA,NA,NA,NA,NA,NA,NA,NA,NA,NA,NA,NA,NA,NA,NA,NA,NA,NA,NA,NA,NA,NA,NA,NA,NA,NA,NA,NA
235,35,M,31,45.9,38,23,1.652,27,118,0.234,0.836,3.574,1.64,2.321,47.235,45.903,0.666,68.935,-195.841,0,4,0,1,14.47,13.932,0.269,51.841,-175.951
236,NA,NA,NA,NA,NA,NA,NA,NA,NA,NA,NA,NA,NA,NA,NA,NA,NA,NA,NA,NA,NA,NA,NA,NA,NA,NA,NA,NA
237,35,M,32.7,35.5,33,17,1.941,24,120,0.206,1.043,5.069,1.055,1.736,48.091,46.832,0.63,74.378,-197.133,0,2,0,2,9.522,9.162,0.18,50.866,-170.053
238,35,M,33.8,46.5,44,27,1.63,25,96,0.189,1.334,7.049,0.783,1.864,28.954,28.389,0.283,100.396,-194.433,0,3,0,2,32.095,31.181,0.457,68.239,-190.498
239,35,M,29.6,37.4,41,18,2.278,23,92,0.088,0.881,9.967,1.046,1.691,41.066,40.083,0.491,81.582,-196.283,0,2,0,2,22.281,21.815,0.233,93.681,-189.955
240,35,M,33.4,50.4,45,30,1.5,24,118,0.109,1.163,10.641,1.245,2.002,43.959,42.521,0.719,59.148,-192.749,0,2,0,1,9.614,9.206,0.204,45.192,-168.525
241,35,M,30.2,33.9,44,21,2.095,27,67,0.44,0.957,2.176,0.658,1.514,33.876,32.713,0.581,56.269,-188.547,0,3,0,1,15.382,14.228,0.577,24.668,-166.236
242,35,M,36,40.6,29,15,1.933,15,103,0.401,0.822,2.053,1.416,2.208,13.784,13.477,0.153,87.819,-182.601,0,3,0,3,17.292,16.818,0.237,70.883,-182.698
243,35,M,40.7,54.7,137,31,4.419,22,330,0.288,0.61,2.12,1.547,3.415,24.029,23.411,0.309,75.797,-188.053,0,3,0,1,11.433,11.219,0.107,104.487,-182.471
244,35,M,34.8,57.4,36,16,2.25,18,97,0.097,0.932,9.603,1.428,2.661,27.557,26.854,0.352,76.342,-189.997,1,3,0,1,12.691,12.041,0.325,37.034,-169.459
245,35,M,33,50.5,45,33,1.364,24,101,0.055,1.072,19.564,1.368,2.083,43.974,42.735,0.619,68.999,-194.89,0,3,0,2,11.85,11.264,0.293,38.481,-169.077
246,35,M,32.6,43.2,41,32,1.281,27,149,0.139,1.001,7.175,1.594,1.949,32.146,31.367,0.389,80.531,-192.807,0,3,0,3,21.332,20.634,0.349,59.129,-183.01
247,35,M,27.6,48.7,63,25,2.52,24,115,0.294,1.243,4.236,0.959,1.951,35.261,34.295,0.483,71.009,-192.315,0,4,0,1,15.34,14.919,0.21,70.936,-181.095
248,35,M,30.5,50.7,48,31,1.548,34,331,0.125,1.518,12.182,1.059,2.713,38.327,37.326,0.5,74.616,-194.122,0,3,0,2,11.148,10.786,0.181,59.696,-174.405
249,35,M,46.6,64.8,27,24,1.125,21,161,0.25,1.523,6.081,1.429,3.625,42.662,41.394,0.634,65.295,-193.718,0,5,0,1,19.861,19.243,0.309,62.301,-182.774
250,35,M,36.1,51,43,24,1.792,16,84,0.108,1.59,14.752,0.831,1.821,44.119,42.903,0.608,70.547,-195.242,0,2,0,2,7.839,7.297,0.271,26.954,-158.439
251,35,M,29.4,41.2,50,40,1.25,22,92,0.162,1.169,7.194,3.241,1.767,40.116,38.872,0.622,62.492,-192.281,0,2,0,1,7.642,7.384,0.129,57.156,-168.717
252,35,M,27.9,35.7,42,24,1.75,25,89,0.026,0.895,34.344,1.401,1.453,37.345,36.072,0.636,56.672,-189.959,0,0,0,1,12.726,12.049,0.338,35.621,-168.945
253,35,M,29.3,50.3,41,24,1.708,22,108,0.226,1.241,5.48,2.584,2.302,30.973,30.2,0.386,78.163,-191.895,0,4,0,2,17.577,16.832,0.372,45.209,-176.654
254,35,M,29.9,47.3,34,19,1.789,24,79,0.222,1.42,6.412,0.995,1.543,19.02,18.345,0.338,54.343,-180.29,0,3,0,1,23.709,22.891,0.409,56.022,-183.681
255,35,M,35,52.6,59,28,2.107,23,131,0.228,0.471,2.07,3.816,2.311,21.153,20.653,0.25,82.664,-187.533,0,3,0,2,9.763,9.579,0.092,104.096,-180.294
256,35,M,32.2,47.3,45,23,1.957,21,99,0.137,1.603,11.664,0.293,1.93,11.402,10.775,0.314,34.344,-166.948,1,1,0,1,7.875,7.26,0.308,23.601,-156.581
257,35,M,33.5,52.5,41,29,1.414,29,174,0.473,0.506,1.071,1.219,1.849,39.86,38.161,0.85,44.917,-187.587,0,4,0,1,12.879,12.05,0.415,29.07,-166.209
258,35,M,34.3,51.7,35,20,1.75,18,152,0.415,0.731,1.759,3.164,2.127,42.982,41.641,0.671,62.068,-193.116,0,5,0,3,11.145,10.789,0.178,60.718,-174.638
259,35,M,27.5,32.9,53,21,2.524,21,164,0.388,0.546,1.407,3.99,1.457,24.258,23.83,0.214,111.251,-193.458,0,2,0,1,13.153,12.438,0.357,34.819,-169.066
260,35,M,23.6,33,30,18,1.667,21,166,0.402,0.731,1.821,2.902,1.399,37.227,36.272,0.477,75.995,-193.983,0,4,0,1,15.684,15.253,0.215,70.815,-181.37
261,35,M,26,36.1,43,28,1.536,27,86,0.282,0.881,3.127,1.302,1.702,63.291,60.02,1.636,36.694,-190.961,0,3,0,1,13.138,12.405,0.366,33.862,-168.655
262,35,M,31.9,44,40,24,1.667,16,137,0.267,0.732,2.746,2.758,1.744,35.833,34.195,0.819,41.761,-185.129,0,4,1,2,14.647,13.76,0.443,31.036,-168.877
263,35,M,29.1,43.4,38,24,1.583,30,274,0.295,0.6,2.037,2.064,2.228,39.415,38.473,0.471,81.72,-195.754,0,5,0,2,18.807,18.291,0.258,70.921,-183.835
264,35,M,29.4,51.4,38,22,1.727,NA,110,0.152,0.713,4.691,2.544,2.143,56.155,55.099,0.528,104.411,-203.889,0,4,0,1,11.097,10.745,0.176,61.047,-174.655
265,35,M,29.7,52.6,44,27,1.63,18,130,0.419,0.675,1.61,2.626,1.824,44.404,43.37,0.517,83.88,-197.718,0,4,0,2,18.552,18.126,0.213,85.025,-186.155
266,35,M,34.1,42.2,48,21,2.286,24,119,0.231,1.044,4.511,1.869,1.972,46.404,44.1,1.152,38.288,-187.385,0,5,0,1,8.757,8.011,0.373,21.481,-156.639
267,35,M,32,47.5,41,19,2.158,23,128,0.379,0.712,1.878,2.874,2.278,22.826,22.193,0.317,70.117,-186.285,0,2,0,2,13.033,11.972,0.531,22.556,-162.706
268,35,M,31.1,42,52,60,0.867,14,85,0.242,0.797,3.292,1.429,2.325,23.139,22.644,0.248,91.449,-190.132,0,1,0,1,12.485,12.246,0.119,102.708,-183.42
269,35,M,27.2,41.4,45,29,1.552,20,123,0.35,0.68,1.944,1.507,1.56,48.371,47.366,0.502,94.272,-200.477,0,4,0,2,16.655,16.162,0.247,65.552,-181.11
270,35,M,27.7,36.1,53,27,1.963,22,132,0.412,0.752,1.828,2.233,1.503,24.855,24.326,0.265,91.899,-191.163,0,2,0,2,11.175,10.59,0.292,36.208,-167.427
271,35,M,21.8,29.3,36,19,1.895,22,99,0.24,0.843,3.508,2.344,1.309,17.339,16.901,0.219,77.276,-183.927,0,3,0,2,21.801,21.234,0.284,74.815,-186.563
272,35,M,28.6,38.4,34,20,1.7,23,78,0.295,0.822,2.79,3.243,1.605,28.099,27.457,0.321,85.449,-191.813,0,0,0,2,11.607,10.853,0.377,28.773,-164.662
273,35,M,38.9,55.2,50,33,1.515,21,301,0.286,1.192,4.166,2.835,2.745,36.174,35.021,0.577,60.722,-190.49,1,4,0,1,10.969,10.329,0.32,32.282,-165.546
274,35,M,29.2,41.4,40,36,1.111,25,372,0.144,0.749,5.188,1.517,2.262,47.789,46.844,0.473,99.106,-201.001,3,4,0,1,28.621,27.355,0.633,43.229,-182.589
275,35,M,32.5,49.5,37,20,1.85,28,130,0.454,1.135,2.497,2.045,1.665,31.081,30.586,0.248,123.569,-198.232,0,4,0,1,12.223,11.845,0.189,62.671,-176.321
276,35,M,28,44.2,53,34,1.559,23,86,0.236,0.81,3.435,1.967,1.813,31.345,30.411,0.467,65.165,-189.54,0,2,0,1,24.198,23.697,0.25,94.784,-191.227
277,35,M,26.5,44.7,37,22,1.682,23,128,0.367,0.537,1.463,2.919,1.518,47.295,45.681,0.807,56.606,-193.122,0,4,0,2,12.993,11.952,0.52,22.974,-162.931
278,35,M,32.5,56.5,39,26,1.5,24,205,0.573,0.491,0.857,1.83,2.395,49.825,48.52,0.652,74.381,-197.611,0,5,0,1,8.076,7.677,0.2,38.477,-163.914
279,35,M,27.7,42.3,47,24,1.958,20,100,0.302,0.89,2.945,2.006,2.103,30.657,29.96,0.348,86.033,-193.079,0,3,0,2,29.359,27.077,1.141,23.734,-174.379
280,NA,NA,NA,NA,NA,NA,NA,NA,NA,NA,NA,NA,NA,NA,NA,NA,NA,NA,NA,NA,NA,NA,NA,NA,NA,NA,NA,NA
281,35,M,28.3,35.1,52,29,1.793,23,95,0.229,0.864,3.766,1.028,1.747,27.325,26.696,0.314,84.942,-191.355,0,3,0,2,18.751,18.239,0.256,71.305,-183.87
282,35,M,32,40.9,52,17,3.059,17,76,0.253,0.534,2.112,2.856,1.869,25.643,24.812,0.416,59.712,-185.624,0,3,0,1,18.909,18.393,0.258,71.234,-183.969
283,35,M,29.5,42.8,48,35,1.371,25,96,0.52,0.693,1.332,3.926,2.267,36.522,34.988,0.767,45.624,-186.628,0,4,0,1,26.939,25.449,0.745,34.149,-178.442
284,35,M,28.1,36.2,38,31,1.226,28,97,0.224,0.715,3.19,3.249,1.727,28.96,27.972,0.494,56.648,-186.529,0,4,0,3,6.729,6.234,0.248,25.188,-155.407
285,35,M,36.3,46.2,41,23,1.783,17,111,0.237,0.543,2.29,2.123,2.517,60.965,59.3,0.833,71.203,-199.724,0,3,0,1,8.527,8.241,0.143,57.655,-170.313
286,35,M,31.5,39.6,33,20,1.65,21,97,0.223,0.727,3.263,3.118,1.704,26.335,25.433,0.451,56.39,-185.187,0,2,0,2,14.153,13.603,0.275,49.381,-174.975
287,NA,NA,NA,NA,NA,NA,NA,NA,NA,NA,NA,NA,NA,NA,NA,NA,NA,NA,NA,NA,NA,NA,NA,NA,NA,NA,NA,NA
288,35,M,37.7,46.2,50,29,1.724,29,106,0.206,0.574,2.788,1.472,2.355,24.305,23.424,0.44,53.211,-183.298,0,3,1,3,14.612,14.017,0.298,47.108,-174.745
289,35,M,28.3,50.3,48,28,1.714,17,169,0.481,0.502,1.043,5.23,3.113,37.842,37.092,0.375,98.964,-197.839,0,4,0,2,24.387,24.11,0.139,173.867,-199.627
290,NA,NA,NA,NA,NA,NA,NA,NA,NA,NA,NA,NA,NA,NA,NA,NA,NA,NA,NA,NA,NA,NA,NA,NA,NA,NA,NA,NA
291,35,M,37,60,54,30,1.8,26,352,0.368,1.081,2.94,2.278,3.713,30.629,29.498,0.565,52.165,-186.134,2,4,0,1,7.571,7.123,0.224,31.758,-160.322
292,35,M,33.9,44.1,43,33,1.303,20,94,0.233,0.444,1.909,2.851,1.917,21.54,20.62,0.46,44.824,-179.272,0,3,0,2,10.005,9.574,0.215,44.471,-168.837
293,35,M,20.9,25.7,43,25,1.72,18,111,0.327,0.573,1.751,2.383,1.17,42.479,41.094,0.693,59.323,-192.329,0,3,0,1,11.585,11.001,0.292,37.673,-168.474
294,35,M,33.1,43.8,47,20,2.35,19,130,0.558,0.433,0.777,4.598,1.43,33.193,32.322,0.436,74.201,-192.109,0,3,0,2,9.136,8.716,0.21,41.544,-166.656
295,35,M,35.2,58.1,36,31,1.161,27,309,0.277,0.445,1.603,3.301,2.679,20.394,19.883,0.255,77.857,-186.215,0,4,0,1,18.539,18.191,0.174,104.524,-188.983
296,35,F,21.2,33.6,49,22,2.227,22,79,0.021,1.793,85.968,3.11,1.391,44.487,43.12,0.683,63.12,-193.812,2,2,0,1,10.941,9.159,0.891,10.28,-148.522
297,35,F,24.4,35.3,37,17,2.176,22,110,0.262,1.401,5.348,3.482,1.921,34.651,33.782,0.435,77.717,-193.327,1,4,0,2,11.474,11.032,0.221,50.007,-172.324
298,35,F,19.7,29.4,63,23,2.739,24,65,NA,1.893,NA,1.567,1.108,20.505,20.079,0.213,94.38,-188.938,0,1,0,1,10.412,9.826,0.293,33.505,-165.373
299,35,F,22.1,35.5,51,26,1.962,21,100,0.076,1.173,15.389,3.397,1.31,29.535,28.855,0.34,84.883,-192.392,1,3,0,1,32.619,31.609,0.505,62.579,-189.515
300,35,F,19.8,33.9,43,19,2.263,24,105,0.141,0.997,7.058,1.876,1.1,27.53,27.106,0.212,128.107,-197.092,1,3,1,3,33.053,32.061,0.496,64.609,-190.136
301,35,F,21.8,35,48,22,2.182,26,85,0.213,1.438,6.765,1.769,1.651,36.714,35.751,0.482,74.213,-193.469,0,5,0,1,11.011,9.767,0.622,15.692,-155.08
302,35,F,23.9,40.1,44,23,1.913,28,99,0.203,1.729,8.513,6.717,1.509,16.922,16.37,0.276,59.304,-179.933,0,3,0,1,7.894,7.24,0.327,22.134,-155.681
303,35,F,23.4,35.2,51,21,2.429,21,119,0.343,1.117,3.257,2.325,1.325,29.61,28.888,0.361,79.956,-191.602,0,3,0,2,21.61,20.619,0.495,41.616,-178.272
304,35,F,25.1,45.3,NA,23,NA,25,100,0.1,1.442,14.366,2.512,1.341,22.656,22.066,0.295,74.809,-187.08,0,4,0,2,12.901,12.05,0.425,28.336,-165.866
305,35,F,23.5,36.7,49,18,2.722,20,95,0.164,1.256,7.658,1.84,1.425,20.945,20.325,0.31,65.554,-184.195,1,3,0,2,20.493,20.095,0.199,100.84,-189.84
306,35,F,24,32.1,54,35,1.543,29,100,0.018,1.021,56.245,2.114,1.369,18.61,18.048,0.281,64.198,-182.314,0,3,0,1,21.709,21.178,0.265,79.784,-187.394
307,NA,NA,NA,NA,NA,NA,NA,NA,NA,NA,NA,NA,NA,NA,NA,NA,NA,NA,NA,NA,NA,NA,NA,NA,NA,NA,NA,NA
308,35,F,25.4,30.9,50,27,1.852,20,93,NA,2.424,NA,2.105,1.589,41.289,40.335,0.477,84.581,-196.854,0,2,2,4,7.744,7.363,0.19,38.677,-163.421
309,35,F,19.7,30.1,61,27,2.259,24,97,NA,1.677,NA,1.963,1.155,20.413,19.84,0.287,69.23,-184.605,0,3,0,1,14.735,14.089,0.323,43.615,-173.776
310,35,F,20.6,23.2,46,19,2.421,21,91,NA,2.066,NA,2.791,0.901,26.137,25.485,0.326,78.23,-189.621,0,1,0,1,13.053,12.621,0.216,58.424,-176.23
311,35,F,22,29.7,55,27,2.037,22,106,0.045,1.976,43.548,3.663,1.3,22.422,21.751,0.335,64.872,-184.968,0,3,0,1,12.45,11.954,0.248,48.169,-172.901
312,35,F,21.9,35.2,40,20,2,23,82,NA,1.728,NA,2.753,1.306,16.462,15.925,0.268,59.317,-179.565,1,3,1,1,15.116,14.686,0.215,68.261,-180.365
313,35,F,26.1,45,50,33,1.515,29,77,0.011,1.735,161.363,2.091,1.688,31.726,30.725,0.501,61.357,-188.868,1,3,0,2,12.399,10.974,0.713,15.402,-156.398
314,35,F,22.2,27.4,42,20,2.1,22,105,0.034,1.422,42.078,0.79,1.263,18.725,17.862,0.432,41.368,-176.258,0,3,0,2,23.933,21.074,1.429,14.743,-164.594
315,35,F,23.8,42.7,56,25,2.24,23,83,0.04,1.625,41.126,2.431,1.427,25.328,24.73,0.299,82.645,-189.955,0,4,0,2,15.541,14.813,0.364,40.7,-173.52
316,35,F,24.4,39.2,44,25,1.76,22,84,0.095,1.93,20.374,1.903,1.634,37.202,35.999,0.601,59.862,-190.669,0,4,0,1,17.374,16.732,0.321,52.047,-178.47
317,35,F,25.9,44.8,65,43,1.512,21,91,0.027,2.261,83.817,1.86,1.881,23.154,22.289,0.432,51.561,-182.205,0,2,0,1,24.648,23.952,0.348,68.849,-187.066
318,35,F,26.7,47.8,37,17,2.176,22,74,0.016,2.007,126.88,1.613,1.645,43.224,42.059,0.582,72.233,-195.292,0,5,0,2,10.416,9.503,0.456,20.817,-158.517
319,35,F,22.7,42.7,47,30,1.567,27,120,0.034,1.612,46.997,0.304,2.112,34.151,33.31,0.42,79.254,-193.401,0,4,0,3,9.052,8.516,0.268,31.769,-162.732
320,35,F,28.3,43.4,41,21,1.952,22,103,0.043,1.744,40.932,1.586,1.272,26.235,25.803,0.216,119.406,-195.481,0,3,0,1,12.917,12.362,0.277,44.564,-172.305
321,35,F,26.1,51.2,56,39,1.436,27,142,0.049,1.518,31.273,2.231,2.361,37.272,36.225,0.524,69.173,-192.699,0,4,0,2,16.845,16.129,0.358,45.091,-176.045
322,35,F,28.5,49.3,45,26,1.731,24,114,0.036,1.298,36.534,2.807,1.676,24.158,23.31,0.424,54.968,-183.669,1,3,0,3,16.724,15.643,0.54,28.952,-169.668
323,35,F,23.1,37.6,52,17,3.059,20,95,0.016,1.519,96.059,1.554,1.356,21.443,20.95,0.247,84.843,-188.075,0,2,0,2,21.118,20.753,0.182,113.804,-191.903
324,35,F,25,41.1,31,16,1.938,24,98,0.023,1.856,80.082,1.266,1.144,39.901,38.992,0.455,85.769,-196.585,0,2,0,2,8.671,8.301,0.185,44.879,-167.038
325,35,F,25.9,42.9,52,37,1.405,26,68,0.131,1.877,14.376,1.392,1.625,33.606,32.633,0.486,67.085,-190.881,1,4,0,1,11.21,10.657,0.277,38.531,-168.349
326,35,F,24.6,35.9,36,23,1.565,20,142,0.02,1.742,85.645,0.512,2.226,42.943,41.871,0.536,78.052,-196.275,0,3,0,2,18.223,17.722,0.25,70.834,-183.393
327,NA,NA,NA,NA,NA,NA,NA,NA,NA,NA,NA,NA,NA,NA,NA,NA,NA,NA,NA,NA,NA,NA,NA,NA,NA,NA,NA,NA
328,35,F,19.4,33.9,45,22,2.045,24,85,NA,1.4,NA,0.754,1.264,14.356,13.934,0.211,65.981,-179.2,0,3,0,2,17.958,17.42,0.269,64.697,-181.941
329,35,F,23.5,34.9,36,20,1.8,17,115,NA,1.921,NA,0.774,1.123,22.431,21.872,0.28,78.226,-187.562,0,2,0,2,8.533,7.967,0.283,28.193,-160.227
330,35,F,29.5,43.3,46,32,1.438,20,96,0.148,1.791,12.126,2.678,2.001,27.948,27.208,0.37,73.505,-189.663,0,3,1,2,8.539,8.061,0.239,33.709,-162.789
331,35,F,18.7,28.5,82,23,3.565,17,99,0.093,1.128,12.189,1.95,1.381,35.638,34.974,0.332,105.349,-197.89,0,4,0,2,8.402,7.469,0.466,16.019,-151.747
332,35,F,24.4,43.8,42,22,1.909,22,90,0.156,1.266,8.123,2.851,1.688,33.206,32.639,0.283,115.3,-198.175,1,4,0,2,13.683,13.19,0.247,53.474,-175.632
333,35,F,23.6,30.1,44,22,2,16,107,0.151,1.213,8.045,1.716,1.42,16.531,16.008,0.262,61.173,-180.05,0,4,0,2,38.616,35.949,1.333,26.959,-179.91
334,35,F,25.2,30.4,49,21,2.333,19,82,NA,1.408,NA,1.255,1.62,25.28,24.424,0.428,57.068,-184.802,1,3,0,1,10.989,9.831,0.579,16.994,-156.242
335,35,F,24.4,46.9,39,23,1.696,20,110,0.116,1.208,10.43,1.71,1.418,23.19,22.57,0.31,72.848,-187.026,0,3,0,1,6.974,6.71,0.132,50.81,-165.844
336,35,F,24.2,34,46,19,2.421,20,84,0.16,0.602,3.759,1.444,1.449,30.637,29.852,0.392,76.072,-191.374,0,3,0,1,19.011,18.081,0.465,38.861,-175.58
337,35,F,24.6,30.8,119,30,3.967,25,89,0.106,1.341,12.626,1.544,1.258,30.849,30.424,0.212,143.239,-200.15,0,3,0,1,13.89,13.254,0.318,41.678,-172.342
338,35,F,23.1,38.3,58,56,1.036,27,94,0.092,1.189,12.995,1.028,1.777,39.292,38.306,0.493,77.758,-195.026,0,3,1,4,24.072,23.462,0.305,76.897,-188.277
339,35,F,24.4,41.7,50,20,2.5,26,84,NA,1.24,NA,1.648,1.51,11.813,11.532,0.14,82.21,-179.614,0,4,1,2,24.566,23.356,0.605,38.599,-178.936
340,35,F,19.3,24.4,67,28,2.393,24,83,0.105,1.36,12.939,1.92,1.183,51.081,49.8,0.64,77.768,-198.561,0,2,0,2,10.143,9.727,0.208,46.814,-169.741
341,35,F,24.5,36.3,50,21,2.381,33,82,0.214,0.926,4.317,1.704,1.915,21.928,21.391,0.269,79.622,-187.501,0,4,0,3,11.092,10.739,0.176,60.848,-174.603
342,35,F,19.5,38.2,50,24,2.083,27,97,0.126,1.039,8.256,1.616,1.405,41.571,40.587,0.492,82.517,-196.605,0,3,0,2,8.438,7.986,0.226,35.354,-163.305
343,35,F,36.6,54.3,42,24,1.75,18,84,0.106,1.666,15.775,2.465,2.671,35.239,34.281,0.479,71.624,-192.425,0,4,0,2,10.655,9.913,0.371,26.744,-162.459
344,35,F,24.1,39.2,66,33,2,21,125,0.104,1.379,13.232,1.887,1.547,25.681,24.942,0.369,67.552,-187.356,0,3,0,2,13.529,13.082,0.223,58.574,-176.748
345,35,F,23.3,34.4,45,19,2.368,21,108,0.094,1.049,11.18,1.686,1.556,31.062,30.013,0.525,57.187,-187.605,0,4,0,3,8.772,8.149,0.312,26.157,-159.521
346,35,F,27.2,46.2,39,24,1.625,25,85,0.09,1.142,12.705,1.169,2.355,22.866,22.108,0.379,58.32,-183.753,0,4,0,2,13.667,13.106,0.281,46.648,-173.707
347,35,F,21.3,34.7,50,22,2.273,20,105,0.061,1.033,16.87,1.077,1.42,28.976,27.955,0.51,54.781,-186.07,1,3,1,1,13.903,13.356,0.274,48.795,-174.568
348,35,F,32,38.6,43,22,1.955,20,88,0.235,1.076,4.584,2.367,1.804,20.613,20.041,0.286,70.073,-184.903,0,3,0,1,19.481,17.655,0.913,19.336,-165.862
349,35,F,24.2,46.2,44,20,2.2,24,92,0.012,1.288,110.527,3.063,1.542,18.818,18.252,0.283,64.511,-182.531,0,4,0,2,19.148,18.104,0.522,34.701,-174.074
350,35,F,24.7,44,39,20,1.95,22,85,0.088,1.215,13.879,4.322,1.44,36.167,34.736,0.715,48.552,-187.369,0,4,0,2,14.006,12.515,0.745,16.79,-159.329
351,35,F,23.7,33.4,40,22,1.818,18,100,NA,1.471,NA,2.506,1.351,29.868,29.084,0.392,74.137,-190.676,0,3,1,2,9.985,9.727,0.129,75.322,-176.144
352,35,F,24.6,40.8,56,28,2,21,84,0.111,1.24,11.175,2.123,1.765,32.898,31.956,0.471,67.879,-190.757,3,4,0,2,14.905,14.26,0.322,44.271,-174.14
353,35,F,20.8,26.2,58,29,2,22,79,0.014,1.441,106.043,3.141,1.132,17.471,17.101,0.185,92.35,-186.484,0,1,0,2,11.942,11.316,0.313,36.174,-168.307
354,35,F,28,47,28,14,2,22,118,0.094,1.386,14.691,3.338,1.455,29.363,28.043,0.66,42.476,-182.687,0,4,1,2,15.006,14.242,0.382,37.29,-171.812
355,35,F,23,37.1,56,25,2.24,21,80,0.022,1.314,58.83,2.396,1.572,21.054,20.388,0.333,61.228,-183.318,0,3,0,1,16.573,15.718,0.427,36.782,-172.955
356,35,F,24.5,30,47,21,2.238,21,95,NA,1.326,NA,2.239,1.35,31.221,30.39,0.416,73.139,-191.085,0,3,0,2,10.177,9.549,0.314,30.372,-163.667
357,35,F,26.9,52.8,43,26,1.654,24,107,0.023,1.451,63.767,3.422,1.884,43.221,42.018,0.601,69.882,-194.834,1,4,0,2,8.443,8.021,0.211,38.01,-164.34
358,35,F,18.7,24.2,70,42,1.667,19,75,0.026,1.526,58.677,1.565,1.147,24.904,24.258,0.323,75.057,-188.4,0,3,0,2,20.432,18.921,0.755,25.046,-170.278
359,35,F,22.2,39.1,49,25,1.96,25,101,0.044,1.603,36.595,2.298,1.753,30.612,30.199,0.207,146.051,-200.311,0,4,0,2,8.659,8.214,0.223,36.872,-164.25
360,NA,NA,NA,NA,NA,NA,NA,NA,NA,NA,NA,NA,NA,NA,NA,NA,NA,NA,NA,NA,NA,NA,NA,NA,NA,NA,NA,NA
361,35,F,19,27.1,70,31,2.258,26,102,0.029,1.451,50.363,3.338,1.124,25.924,24.94,0.492,50.694,-183.489,0,4,0,2,10.067,9.602,0.232,41.318,-167.885
362,35,F,25.5,49.5,45,33,1.364,20,117,0.244,1.175,4.824,2.94,1.911,30.456,29.422,0.517,56.902,-187.27,1,4,0,2,6.613,6.047,0.283,21.37,-152.784
363,35,F,24.7,34.2,57,19,3,18,112,0.023,1.065,45.669,3.116,1.343,28.022,27.407,0.307,89.159,-192.361,0,4,0,2,14.89,13.952,0.469,29.751,-168.494
364,35,F,20.2,33,48,20,2.4,25,92,0.175,1.057,6.03,3.157,1.136,19.273,18.704,0.285,65.65,-183.096,0,4,0,1,6.264,5.848,0.208,28.173,-156.055
365,35,F,21.7,41.8,54,23,2.348,19,137,0.121,1.06,8.784,1.996,1.646,26.485,25.518,0.484,52.752,-184.333,0,4,0,2,8.419,7.547,0.436,17.316,-152.935