Mouse,Generation,Sex,Renal Total Glutathione (nmol/mg),Renal GSH (nmol/mg),Renal GSSG (nmol/mg),Renal GSH/GSSG,Renal Eh (mV),Hepatic Total Glutathione (nmol/mg),Hepatic GSH (nmol/mg),Hepatic GSSG (nmol/mg),Hepatic GSH/GSSG,Hepatic Eh (mV)
1,30,M,17.819,17.232,0.293,58.746,-180.497,47.071,46.189,0.441,104.688,-201.549
2,30,M,14.922,14.566,0.178,81.846,-182.699,61.701,60.649,0.526,115.305,-206.517
3,30,M,17.98,17.596,0.192,91.689,-186.772,111.584,109.341,1.121,97.5,-212.193
4,30,M,18.263,17.856,0.203,87.918,-186.404,84.653,83.233,0.71,117.201,-210.998
5,30,M,19.181,18.927,0.127,149.191,-194.308,31.451,30.433,0.509,59.798,-188.393
6,30,M,22.864,22.435,0.214,104.744,-191.835,55.632,54.483,0.575,94.831,-202.441
7,30,M,23.621,23.106,0.257,89.757,-190.153,44.145,43.243,0.451,95.786,-199.466
8,30,M,21.562,20.874,0.344,60.65,-183.507,39.461,38.471,0.495,77.696,-195.073
9,30,M,24.688,24.21,0.239,101.32,-192.412,45.782,44.49,0.646,68.878,-195.409
10,30,M,18.504,18.267,0.118,154.263,-194.28,64.686,63.417,0.635,99.94,-205.192
11,30,M,28.403,27.892,0.256,109.023,-195.305,100.58,97.954,1.313,74.61,-207.11
12,30,M,NA,NA,NA,NA,NA,74.772,73.065,0.853,85.642,-205.02
13,30,M,25.84,25.18,0.33,76.326,-189.128,37.995,37.024,0.485,76.275,-194.309
14,30,M,18.821,18.134,0.343,52.833,-179.756,117.232,113.359,1.937,58.53,-205.809
15,30,M,19.874,19.597,0.138,141.623,-194.075,45.024,43.777,0.623,70.228,-195.453
16,30,M,19.505,19.13,0.187,102.26,-189.366,58.661,56.383,1.139,49.507,-194.152
17,30,M,20.264,19.771,0.246,80.27,-186.55,32.546,31.545,0.501,63.018,-189.582
18,30,M,16.393,15.562,0.416,37.418,-173.051,66.909,64.133,1.388,46.196,-194.954
19,30,M,16.567,16.249,0.159,102.083,-187.145,96.544,94.55,0.997,94.805,-209.859
20,30,M,31.045,30.422,0.312,97.651,-194.991,41.411,40.377,0.517,78.071,-195.789
21,30,M,13.999,13.703,0.148,92.41,-183.51,42.728,41.869,0.429,97.55,-199.277
22,30,M,24.133,23.858,0.137,173.825,-199.482,104.184,100.066,2.059,48.607,-201.629
23,30,M,20.975,20.741,0.117,177.9,-197.909,73.924,71.729,1.098,65.348,-201.131
24,30,M,17.379,17.061,0.159,107.116,-188.449,82.685,80.849,0.918,88.041,-206.755
25,30,M,24.646,23.496,0.575,40.878,-179.789,62.999,61.53,0.734,83.788,-202.412
26,30,M,NA,NA,NA,NA,NA,NA,NA,NA,NA,NA
27,30,M,13.423,13.118,0.152,86.157,-181.98,71.286,68.346,1.47,46.492,-195.897
28,30,M,15.493,15.122,0.186,81.491,-183.144,101.746,99.552,1.097,90.745,-209.964
29,30,M,17.719,17.249,0.235,73.508,-183.528,67.739,66.534,0.603,110.391,-207.177
30,30,M,19.045,18.438,0.303,60.755,-181.86,20.094,19.669,0.213,92.445,-188.381
31,30,M,23.36,22.394,0.483,46.34,-180.831,76.696,73.372,1.662,44.151,-196.157
32,30,M,28.683,27.742,0.471,58.956,-186.955,43.781,42.164,0.809,52.134,-190.936
33,30,M,21.74,20.97,0.385,54.465,-182.121,98.696,94.989,1.854,51.248,-201.64
34,30,M,NA,NA,NA,NA,NA,18.523,18.045,0.239,75.506,-184.496
35,30,M,26.465,25.193,0.636,39.605,-180.302,62.232,59.811,1.21,49.413,-194.921
36,30,M,24.299,23.283,0.508,45.834,-181.207,34.621,33.472,0.575,58.251,-189.321
37,30,M,NA,NA,NA,NA,NA,NA,NA,NA,NA,NA
38,30,M,49.074,47.712,0.681,70.068,-196.581,10.183,9.843,0.17,57.836,-172.747
39,30,M,37.664,34.708,1.478,23.484,-177.579,53.7,52.436,0.632,82.948,-200.123
40,30,M,NA,NA,NA,NA,NA,NA,NA,NA,NA,NA
41,30,M,32.566,31.808,0.379,83.945,-193.555,35.472,33.992,0.74,45.929,-186.329
42,30,M,30.414,29.673,0.37,80.091,-191.986,77.522,74.136,1.693,43.784,-196.184
43,30,M,NA,NA,NA,NA,NA,NA,NA,NA,NA,NA
44,30,M,39.317,37.463,0.927,40.433,-185.922,43.043,41.694,0.674,61.841,-193.084
45,30,M,41.707,40.729,0.489,83.327,-196.783,58.744,57.554,0.595,96.683,-203.44
46,30,M,30.439,28.945,0.747,38.763,-181.882,41.288,39.251,1.018,38.543,-185.906
47,30,M,22.989,22.389,0.3,74.727,-187.261,60.774,58.81,0.982,59.864,-197.277
48,30,M,32.243,30.58,0.832,36.765,-181.909,70.053,67.772,1.141,59.407,-199.083
49,30,F,20.457,19.867,0.295,67.405,-184.264,66.603,65.096,0.754,86.383,-203.581
50,30,F,40.331,37.152,1.589,23.374,-178.432,69.083,66.203,1.44,45.984,-195.32
51,30,F,34.781,32.556,1.113,29.262,-179.679,38.697,38.048,0.325,117.133,-200.451
52,30,F,28.16,26.125,1.017,25.682,-174.959,44.586,43.485,0.551,78.973,-196.942
53,30,F,15.547,14.804,0.372,39.817,-173.215,49.301,47.974,0.664,72.288,-197.074
54,30,F,38.686,35.462,1.612,22.005,-176.993,80.838,78.195,1.321,59.179,-200.958
55,30,F,23.886,22.857,0.515,44.409,-180.533,60.082,58.039,1.022,56.816,-196.396
56,30,F,20.87,19.802,0.534,37.079,-176.173,42.292,41.333,0.48,86.18,-197.435
57,30,F,40.273,37.356,1.459,25.605,-179.733,55.34,54.147,0.597,90.721,-201.762
58,30,F,NA,NA,NA,NA,NA,NA,NA,NA,NA,NA
59,30,F,45.835,43.863,0.986,44.479,-189.33,36.125,35.561,0.282,126.066,-200.531
60,30,F,35.223,33.84,0.692,48.936,-187.123,53.386,52.215,0.586,89.18,-201.042
61,30,F,29.548,27.418,1.065,25.744,-175.642,34.515,33.629,0.443,75.925,-192.952
62,30,F,23.453,22.478,0.488,46.092,-180.809,38.805,38.041,0.382,99.569,-198.262
63,30,F,28.605,27.883,0.361,77.141,-190.643,79.628,77.579,1.025,75.705,-204.167
64,30,F,26.68,25.504,0.588,43.408,-181.702,22.691,22.147,0.272,81.455,-188.275
65,30,F,22.955,22.398,0.279,80.368,-188.246,39.905,38.714,0.596,64.999,-192.756
66,30,F,20.002,18.962,0.52,36.472,-175.367,57.045,55.925,0.56,99.901,-203.494
67,30,F,24.293,23.619,0.337,70.102,-187.121,65.38,63.425,0.978,64.859,-199.373
68,30,F,18.852,17.815,0.519,34.328,-173.711,42.881,41.32,0.781,52.912,-190.863
69,30,F,19.388,18.715,0.337,55.559,-180.857,21.841,21.343,0.249,85.793,-188.476
70,30,F,45.67,44.401,0.634,70.011,-195.601,56.941,55.792,0.574,97.179,-203.091
71,30,F,40.579,39.774,0.403,98.81,-198.758,36.058,35.096,0.481,72.977,-192.994
72,30,F,14.084,13.583,0.25,54.311,-176.237,69.081,67.491,0.795,84.89,-203.833
73,30,F,16.961,16.418,0.271,60.475,-180.235,60.222,57.641,1.291,44.661,-193.062
74,30,F,25.587,25.238,0.175,144.339,-197.736,54.914,53.704,0.605,88.751,-201.355
75,30,F,15.196,14.911,0.142,104.848,-186.348,57.833,56.075,0.879,63.797,-197.492
76,30,F,12.377,12.103,0.137,88.222,-181.214,30.607,29.623,0.492,60.183,-188.116
77,30,F,19.974,18.56,0.707,26.261,-170.656,43.466,42.421,0.522,81.246,-196.991
78,30,F,28.561,25.779,1.391,18.533,-170.388,60.072,57.887,1.092,52.989,-195.422
79,30,F,22.542,21.592,0.475,45.453,-180.08,73.986,70.137,1.925,36.444,-192.967
80,30,F,21.846,20.806,0.52,40.025,-177.868,43.91,42.097,0.907,46.432,-189.355
81,30,F,20.307,19.481,0.413,47.161,-179.191,62.065,59.944,1.061,56.516,-196.759
82,30,F,28.363,27.36,0.502,54.548,-185.723,55.507,54.085,0.711,76.07,-199.375
83,30,F,29.135,28.458,0.339,84.035,-192.07,30.58,29.302,0.639,45.826,-184.3
84,30,F,21.61,20.478,0.566,36.186,-176.297,17.886,17.017,0.434,39.173,-174.872
85,30,F,24.067,23.403,0.332,70.503,-187.074,43.046,41.923,0.562,74.651,-195.692
86,30,F,37.016,36.498,0.259,140.918,-202.38,60.514,58.666,0.924,63.481,-198.034
87,30,F,26.168,25.359,0.405,62.686,-186.573,60.354,58.6,0.877,66.814,-198.708
88,30,F,21.079,20.485,0.297,68.872,-184.965,31.021,30.238,0.392,77.236,-191.751
89,30,F,29.111,27.867,0.622,44.811,-183.323,51.074,48.668,1.203,40.466,-189.456
90,30,F,17.961,17.653,0.154,114.633,-189.822,53.739,53.045,0.347,152.98,-208.52
91,30,F,11.278,10.958,0.16,68.42,-176.454,40.439,38.296,1.072,35.74,-184.557
92,30,F,19.006,18.185,0.41,44.303,-177.422,39.458,37.858,0.8,47.314,-188.18
93,30,F,14.233,13.688,0.273,50.224,-175.287,62.92,60.273,1.323,45.549,-193.929
94,30,F,10.913,10.602,0.155,68.195,-175.965,59.917,58.15,0.884,65.792,-198.396
95,30,F,17.008,16.12,0.444,36.288,-173.112,77.595,75.541,1.027,73.539,-203.418
96,30,F,13.867,10.735,1.566,6.855,-145.203,46.075,44.915,0.58,77.44,-197.114
97,30,F,24.498,21.481,1.508,14.242,-164.387,59.371,55.868,1.752,31.894,-188.109
98,30,F,14.833,14.07,0.382,36.879,-171.499,46.609,44.531,1.039,42.863,-189.035
99,32,M,19.793,19.386,0.204,95.156,-188.575,41.56,40.565,0.498,81.486,-196.428
100,32,M,NA,NA,NA,NA,NA,NA,NA,NA,NA,NA
101,32,M,22.433,22.018,0.207,106.154,-191.762,63.188,61.663,0.763,80.865,-201.963
102,32,M,11.692,10.876,0.408,26.656,-163.662,36.199,35.474,0.363,97.813,-197.081
103,32,M,24.54,24.06,0.24,100.177,-192.176,33.222,32.535,0.344,94.704,-195.482
104,32,M,18.461,18.006,0.227,79.156,-185.103,55.006,54.108,0.449,120.507,-205.574
105,32,M,22.64,22.181,0.229,96.667,-190.601,48.832,48.125,0.354,136.008,-205.626
106,32,M,19.889,19.095,0.397,48.082,-179.182,56.03,54.707,0.661,82.719,-200.657
107,32,M,18.653,18.422,0.115,159.978,-194.884,44.501,43.249,0.626,69.123,-195.076
108,32,M,NA,NA,NA,NA,NA,NA,NA,NA,NA,NA
109,32,M,13.61,13.313,0.149,89.586,-182.704,83.31,82.234,0.538,152.937,-214.418
110,32,M,20.314,19.962,0.176,113.268,-191.316,39.255,38.11,0.573,66.564,-192.865
111,32,M,16.033,15.697,0.168,93.519,-185.5,72.44,70.993,0.723,98.148,-206.468
112,32,M,NA,NA,NA,NA,NA,NA,NA,NA,NA,NA
113,32,M,14.524,14.022,0.251,55.864,-177.044,62.171,61.031,0.57,107.04,-205.6
114,32,M,20.648,20.103,0.272,73.788,-185.64,59.213,56.986,1.114,51.173,-194.741
115,32,M,15.024,14.665,0.179,81.768,-182.777,35.597,34.88,0.358,97.347,-196.79
116,32,M,23.031,22.483,0.274,82.096,-188.583,46.255,43.797,1.229,35.629,-186.322
117,32,M,11.607,11.432,0.088,130.651,-185.734,42.838,41.446,0.696,59.58,-192.502
118,32,M,17.322,16.807,0.257,65.277,-181.58,55.922,54.411,0.756,71.988,-198.713
119,32,M,21.056,20.387,0.335,60.884,-183.241,91.58,88.263,1.658,53.226,-201.161
120,32,M,NA,NA,NA,NA,NA,NA,NA,NA,NA,NA
121,32,M,7.888,7.311,0.289,25.337,-157.632,39.721,39.004,0.359,108.685,-199.777
122,32,M,14.926,14.462,0.232,62.232,-178.913,60.826,58.994,0.916,64.401,-198.303
123,32,M,13.033,12.321,0.356,34.629,-168.865,66.967,65.42,0.774,84.537,-203.357
124,32,M,16.058,15.583,0.237,65.705,-180.65,64.036,62.07,0.983,63.157,-198.724
125,32,M,14.71,14.291,0.21,68.172,-179.98,57.382,56.214,0.584,96.244,-203.062
126,32,M,8.06,7.316,0.372,19.668,-154.232,91.521,88.607,1.457,60.803,-203.005
127,32,M,11.614,11.057,0.278,39.732,-169.258,38.444,37.275,0.584,63.784,-191.992
128,32,M,6.699,6.4,0.15,42.79,-162.895,68.57,65.643,1.463,44.854,-194.871
129,32,M,14.167,13.567,0.3,45.265,-173.767,59.84,58.592,0.624,93.864,-203.282
130,32,M,18.569,18.104,0.233,77.773,-184.938,71.499,69.616,0.942,73.931,-202.39
131,32,M,12.513,11.595,0.459,25.235,-163.786,35.035,34.452,0.292,118.009,-199.215
132,32,M,12.718,12.164,0.277,43.931,-171.896,60.712,59.103,0.805,73.434,-200.094
133,32,M,20.453,20.047,0.203,98.642,-189.511,53.824,52.55,0.637,82.479,-200.076
134,32,M,15.932,15.606,0.163,95.847,-185.753,66.151,65.318,0.417,156.81,-211.655
135,32,M,16.77,16.377,0.196,83.36,-184.523,54.418,52.914,0.752,70.369,-198.031
136,32,M,17.263,16.718,0.272,61.35,-180.673,53.16,52.433,0.364,144.187,-207.566
137,32,M,17.809,17.59,0.11,160.364,-194.293,68.955,67.826,0.564,120.168,-208.579
138,32,M,13.446,13.196,0.125,105.445,-184.779,NA,NA,1.289,NA,NA
139,32,M,17.591,16.95,0.32,52.895,-178.862,78.192,77.132,0.53,145.586,-212.893
140,32,M,22.67,22.074,0.298,74.159,-186.968,51.826,51.13,0.348,146.931,-207.481
141,32,M,14.391,14.079,0.156,90.148,-183.541,69.171,67.622,0.775,87.305,-204.237
142,32,M,11.343,10.797,0.273,39.577,-168.885,44.62,43.232,0.694,62.292,-193.669
143,32,M,25.157,24.427,0.365,66.935,-186.951,79.625,77.795,0.915,85.006,-205.764
144,32,M,15.408,14.762,0.323,45.702,-175.033,57.741,56.232,0.755,74.522,-199.622
145,32,M,16.208,15.203,0.502,30.267,-169.882,56.625,55.115,0.755,72.992,-199.073
146,32,M,20.031,18.939,0.546,34.708,-174.684,38.563,38.114,0.225,169.761,-205.471
147,32,M,17.873,17.19,0.342,50.335,-178.384,83.258,78.682,2.288,34.392,-193.734
148,32,M,23.734,21.795,0.97,22.479,-170.726,43.424,42.728,0.348,122.759,-202.645
149,32,M,23.729,23.045,0.342,67.39,-186.258,42.614,41.773,0.421,99.286,-199.483
150,32,M,16.571,15.11,0.731,20.675,-164.667,78.654,77.036,0.809,95.217,-207.16
151,32,M,27.81,27.169,0.321,84.707,-191.554,55.501,54.379,0.561,97.002,-202.721
152,32,M,20.382,19.68,0.351,56.058,-181.654,61.711,59.979,0.866,69.23,-199.499
153,32,M,10.265,9.941,0.162,61.509,-173.71,37.538,36.735,0.402,91.472,-196.649
154,32,M,16.22,15.85,0.185,85.649,-184.447,85.761,84.067,0.847,99.264,-208.896
155,32,M,12.52,12.208,0.156,78.416,-179.745,42.876,42.043,0.416,100.951,-199.794
156,32,M,9.171,8.56,0.306,27.993,-161.097,74.963,73.523,0.72,102.144,-207.477
157,32,M,16.163,15.872,0.146,108.786,-187.685,61.245,59.704,0.77,77.496,-200.956
158,32,M,19.421,19.14,0.141,136.197,-193.231,65.853,64.529,0.662,97.43,-205.084
159,32,M,24.037,23.537,0.25,94.142,-191.043,44.336,42.982,0.677,63.495,-193.849
160,32,M,14.479,13.85,0.315,44.036,-173.674,60.491,59.287,0.602,98.513,-204.092
161,32,F,23.109,22.434,0.338,66.431,-185.703,56.753,55.623,0.565,98.516,-203.234
162,32,F,24.058,23.452,0.303,77.446,-188.367,61.52,59.89,0.815,73.503,-200.285
163,32,F,19.825,19.072,0.377,50.626,-179.86,58.389,57.501,0.444,129.462,-207.358
164,32,F,22.744,21.967,0.388,56.596,-183.264,41.543,40.543,0.5,81.059,-196.35
165,32,F,17.42,16.522,0.449,36.781,-173.626,66.405,65.289,0.558,117.014,-207.707
166,32,F,11.158,10.521,0.319,33.024,-166.099,30.435,29.872,0.282,106.014,-195.851
167,32,F,18.858,18.151,0.354,51.326,-179.378,69.612,67.875,0.869,78.119,-202.79
168,32,F,11.549,10.962,0.294,37.302,-168.292,44.263,43.617,0.323,134.892,-204.191
169,32,F,7.648,7.161,0.244,29.368,-159.34,34.873,33.884,0.495,68.499,-191.668
170,32,F,20.976,20.56,0.208,98.835,-189.878,50.55,48.991,0.78,62.844,-195.472
171,32,F,12.335,11.819,0.258,45.806,-172.071,46.656,45.294,0.681,66.497,-195.176
172,32,F,16.432,15.81,0.311,50.848,-177.394,37.025,35.796,0.615,58.21,-190.216
173,32,F,22.868,22.236,0.316,70.468,-186.379,52.254,51.148,0.553,92.54,-201.262
174,32,F,19.101,18.754,0.174,107.98,-189.832,57.373,54.028,1.672,32.304,-187.83
175,32,F,14.404,13.806,0.299,46.163,-174.267,42.062,40.877,0.592,69.011,-194.294
176,32,F,23.295,22.485,0.405,55.465,-183.305,44.624,43.273,0.675,64.063,-194.06
177,32,F,11.113,9.887,0.613,16.122,-155.609,65.031,63.604,0.713,89.172,-203.697
178,32,F,27.961,26.729,0.616,43.4,-182.331,67.702,66.38,0.661,100.373,-205.865
179,32,F,8.661,7.859,0.401,19.592,-155.142,50.039,48.678,0.681,71.503,-197.123
180,32,F,17.365,16.552,0.407,40.716,-175.019,57.634,55.553,1.04,53.392,-194.97
181,32,F,25.284,24.784,0.25,99.142,-192.435,23.096,22.179,0.458,48.408,-181.289
182,32,F,20.267,19.739,0.264,74.754,-185.57,62.46,61.091,0.684,89.296,-203.173
183,32,F,21.539,21.04,0.249,84.396,-188.063,39.685,38.593,0.546,70.703,-193.846
184,32,F,22.524,21.92,0.302,72.51,-186.57,48.025,46.445,0.79,58.794,-193.857
185,32,F,12.132,11.615,0.259,44.926,-171.575,41.96,41.295,0.332,124.199,-202.342
186,32,F,20.164,19.555,0.304,64.236,-183.402,39.629,38.685,0.472,81.883,-195.855
187,32,F,26.997,26.184,0.406,64.442,-187.375,105.566,103.986,0.79,131.606,-215.556
188,32,F,21.282,20.39,0.446,45.726,-179.389,44.906,43.736,0.585,74.777,-196.285
189,32,F,21.576,21.116,0.23,91.85,-189.25,54.876,53.721,0.578,93.017,-201.992
190,32,F,9.685,8.799,0.443,19.851,-156.841,39.124,38.101,0.511,74.524,-194.382
191,32,F,NA,NA,NA,NA,NA,NA,NA,NA,NA,NA
192,32,F,12.538,11.249,0.645,17.443,-158.406,51.646,51.069,0.288,177.181,-209.986
193,32,F,28.556,28.091,0.233,120.705,-196.771,49.565,48.404,0.58,83.435,-199.125
194,32,F,17.577,17.041,0.268,63.583,-181.412,47.565,46.726,0.42,111.349,-202.535
195,32,F,27.75,26.363,0.694,38.013,-180.36,35.559,34.508,0.525,65.682,-191.348
196,32,F,24.296,23.369,0.464,50.408,-182.537,66.9,65.85,0.525,125.492,-208.764
197,32,F,23.099,22.605,0.247,91.507,-190.117,44.14,43.049,0.546,78.871,-196.789
198,32,F,18.995,18.291,0.352,52.007,-179.659,55.449,53.834,0.808,66.641,-197.531
199,32,F,19.35,18.25,0.55,33.17,-173.574,51.641,50.428,0.606,83.156,-199.631
200,32,F,24.507,23.646,0.431,54.919,-183.85,56.342,54.852,0.745,73.668,-199.133
201,32,F,10.336,9.829,0.253,38.808,-167.357,36.04,35.503,0.268,132.278,-201.156
202,32,F,17.099,16.718,0.19,87.965,-185.525,61.968,60.38,0.794,76.028,-200.85
203,32,F,5.069,4.744,0.163,29.19,-153.714,36.928,36.232,0.348,104.078,-198.202
204,32,F,11.997,11.35,0.323,35.092,-167.938,57.724,55.042,1.341,41.043,-191.304
205,32,F,19.79,19.342,0.224,86.46,-187.255,37.233,36.084,0.575,62.786,-191.343
206,32,F,19.339,18.534,0.402,46.088,-178.21,54.884,53.802,0.541,99.446,-202.912
207,32,F,21.535,20.773,0.381,54.512,-182.006,32.618,31.572,0.523,60.35,-189.011
208,32,F,24.322,23.483,0.42,55.928,-184.002,56.486,55.098,0.694,79.4,-200.202
209,32,F,16.856,16.391,0.233,70.392,-182.258,64.977,64.002,0.488,131.285,-208.989
210,32,F,25.7,25.407,0.146,173.517,-200.305,56.898,55.141,0.878,62.782,-197.051
211,32,F,26.515,25.851,0.332,77.882,-189.753,98.301,96.583,0.859,112.411,-212.439
212,32,F,23.354,22.468,0.443,50.752,-182.1,63.838,61.955,0.942,65.78,-199.247
213,32,F,20.292,19.862,0.215,92.334,-188.496,69.329,67.464,0.933,72.347,-201.675
214,32,F,6.16,5.602,0.279,20.077,-150.914,40.451,39.903,0.274,145.509,-204.013
215,32,F,14.846,14.15,0.348,40.651,-172.886,61.523,59.79,0.866,69.012,-199.414
216,32,F,8.917,8.174,0.372,22.001,-157.232,59.272,57.831,0.72,80.296,-201.004
217,32,F,16.771,16.343,0.214,76.371,-183.316,44.637,43.658,0.49,89.139,-198.626
218,32,F,23.903,22.969,0.467,49.184,-181.974,45.301,44.523,0.389,114.409,-202.25
219,32,F,25.756,24.987,0.384,65.032,-186.868,54.951,53.59,0.681,78.745,-199.716
220,32,F,21.171,20.556,0.307,66.873,-184.616,50.382,49.146,0.618,79.498,-198.679
221,35,M,25.209,24.639,0.285,86.513,-190.522,23.301,22.848,0.226,101.011,-191.592
222,35,M,15.791,15.234,0.279,54.692,-177.875,34.498,33.624,0.437,76.926,-193.126
223,35,M,19.616,18.939,0.338,55.997,-181.123,35.175,34.073,0.551,61.836,-190.365
224,35,M,8.155,7.836,0.159,49.154,-167.487,56.621,55.034,0.794,69.333,-198.361
225,35,M,23.397,22.809,0.294,77.545,-188.009,42.575,41.679,0.448,93.065,-198.582
226,35,M,15.488,14.538,0.475,30.584,-169.42,30.343,29.607,0.368,80.415,-192.011
227,35,M,10.309,9.841,0.234,41.983,-168.431,32.581,31.405,0.588,53.406,-187.294
228,35,M,9.692,9.459,0.117,81.134,-176.768,53.169,51.874,0.648,80.106,-199.509
229,35,M,22.053,21.644,0.204,106.05,-191.518,20.651,19.938,0.357,55.922,-181.797
230,35,M,19.408,18.153,0.628,28.927,-171.66,47.851,46.674,0.588,79.32,-197.954
231,35,M,22.877,22.293,0.292,76.42,-187.505,29.769,29.083,0.343,84.761,-192.479
232,35,M,13.883,13.133,0.375,35.005,-169.869,22.901,22.039,0.431,51.102,-181.932
233,35,M,12.901,12.473,0.214,58.264,-176.034,49.581,48.495,0.543,89.308,-200.066
234,35,M,NA,NA,NA,NA,NA,NA,NA,NA,NA,NA
235,35,M,14.47,13.932,0.269,51.841,-175.951,47.235,45.903,0.666,68.935,-195.841
236,35,M,NA,NA,NA,NA,NA,NA,NA,NA,NA,NA
237,35,M,9.522,9.162,0.18,50.866,-170.053,48.091,46.832,0.63,74.378,-197.133
238,35,M,32.095,31.181,0.457,68.239,-190.498,28.954,28.389,0.283,100.396,-194.433
239,35,M,22.281,21.815,0.233,93.681,-189.955,41.066,40.083,0.491,81.582,-196.283
240,35,M,9.614,9.206,0.204,45.192,-168.525,43.959,42.521,0.719,59.148,-192.749
241,35,M,15.382,14.228,0.577,24.668,-166.236,33.876,32.713,0.581,56.269,-188.547
242,35,M,17.292,16.818,0.237,70.883,-182.698,13.784,13.477,0.153,87.819,-182.601
243,35,M,11.433,11.219,0.107,104.487,-182.471,24.029,23.411,0.309,75.797,-188.053
244,35,M,12.691,12.041,0.325,37.034,-169.459,27.557,26.854,0.352,76.342,-189.997
245,35,M,11.85,11.264,0.293,38.481,-169.077,43.974,42.735,0.619,68.999,-194.89
246,35,M,21.332,20.634,0.349,59.129,-183.01,32.146,31.367,0.389,80.531,-192.807
247,35,M,15.34,14.919,0.21,70.936,-181.095,35.261,34.295,0.483,71.009,-192.315
248,35,M,11.148,10.786,0.181,59.696,-174.405,38.327,37.326,0.5,74.616,-194.122
249,35,M,19.861,19.243,0.309,62.301,-182.774,42.662,41.394,0.634,65.295,-193.718
250,35,M,7.839,7.297,0.271,26.954,-158.439,44.119,42.903,0.608,70.547,-195.242
251,35,M,7.642,7.384,0.129,57.156,-168.717,40.116,38.872,0.622,62.492,-192.281
252,35,M,12.726,12.049,0.338,35.621,-168.945,37.345,36.072,0.636,56.672,-189.959
253,35,M,17.577,16.832,0.372,45.209,-176.654,30.973,30.2,0.386,78.163,-191.895
254,35,M,23.709,22.891,0.409,56.022,-183.681,19.02,18.345,0.338,54.343,-180.29
255,35,M,9.763,9.579,0.092,104.096,-180.294,21.153,20.653,0.25,82.664,-187.533
256,35,M,7.875,7.26,0.308,23.601,-156.581,11.402,10.775,0.314,34.344,-166.948
257,35,M,12.879,12.05,0.415,29.07,-166.209,39.86,38.161,0.85,44.917,-187.587
258,35,M,11.145,10.789,0.178,60.718,-174.638,42.982,41.641,0.671,62.068,-193.116
259,35,M,13.153,12.438,0.357,34.819,-169.066,24.258,23.83,0.214,111.251,-193.458
260,35,M,15.684,15.253,0.215,70.815,-181.37,37.227,36.272,0.477,75.995,-193.983
261,35,M,13.138,12.405,0.366,33.862,-168.655,63.291,60.02,1.636,36.694,-190.961
262,35,M,14.647,13.76,0.443,31.036,-168.877,35.833,34.195,0.819,41.761,-185.129
263,35,M,18.807,18.291,0.258,70.921,-183.835,39.415,38.473,0.471,81.72,-195.754
264,35,M,11.097,10.745,0.176,61.047,-174.655,56.155,55.099,0.528,104.411,-203.889
265,35,M,18.552,18.126,0.213,85.025,-186.155,44.404,43.37,0.517,83.88,-197.718
266,35,M,8.757,8.011,0.373,21.481,-156.639,46.404,44.1,1.152,38.288,-187.385
267,35,M,13.033,11.972,0.531,22.556,-162.706,22.826,22.193,0.317,70.117,-186.285
268,35,M,12.485,12.246,0.119,102.708,-183.42,23.139,22.644,0.248,91.449,-190.132
269,35,M,16.655,16.162,0.247,65.552,-181.11,48.371,47.366,0.502,94.272,-200.477
270,35,M,11.175,10.59,0.292,36.208,-167.427,24.855,24.326,0.265,91.899,-191.163
271,35,M,21.801,21.234,0.284,74.815,-186.563,17.339,16.901,0.219,77.276,-183.927
272,35,M,11.607,10.853,0.377,28.773,-164.662,28.099,27.457,0.321,85.449,-191.813
273,35,M,10.969,10.329,0.32,32.282,-165.546,36.174,35.021,0.577,60.722,-190.49
274,35,M,28.621,27.355,0.633,43.229,-182.589,47.789,46.844,0.473,99.106,-201.001
275,35,M,12.223,11.845,0.189,62.671,-176.321,31.081,30.586,0.248,123.569,-198.232
276,35,M,24.198,23.697,0.25,94.784,-191.227,31.345,30.411,0.467,65.165,-189.54
277,35,M,12.993,11.952,0.52,22.974,-162.931,47.295,45.681,0.807,56.606,-193.122
278,35,M,8.076,7.677,0.2,38.477,-163.914,49.825,48.52,0.652,74.381,-197.611
279,35,M,29.359,27.077,1.141,23.734,-174.379,30.657,29.96,0.348,86.033,-193.079
280,35,M,NA,NA,NA,NA,NA,NA,NA,NA,NA,NA
281,35,M,18.751,18.239,0.256,71.305,-183.87,27.325,26.696,0.314,84.942,-191.355
282,35,M,18.909,18.393,0.258,71.234,-183.969,25.643,24.812,0.416,59.712,-185.624
283,35,M,26.939,25.449,0.745,34.149,-178.442,36.522,34.988,0.767,45.624,-186.628
284,35,M,6.729,6.234,0.248,25.188,-155.407,28.96,27.972,0.494,56.648,-186.529
285,35,M,8.527,8.241,0.143,57.655,-170.313,60.965,59.3,0.833,71.203,-199.724
286,35,M,14.153,13.603,0.275,49.381,-174.975,26.335,25.433,0.451,56.39,-185.187
287,35,M,NA,NA,NA,NA,NA,NA,NA,NA,NA,NA
288,35,M,14.612,14.017,0.298,47.108,-174.745,24.305,23.424,0.44,53.211,-183.298
289,35,M,24.387,24.11,0.139,173.867,-199.627,37.842,37.092,0.375,98.964,-197.839
290,35,M,NA,NA,NA,NA,NA,NA,NA,NA,NA,NA
291,35,M,7.571,7.123,0.224,31.758,-160.322,30.629,29.498,0.565,52.165,-186.134
292,35,M,10.005,9.574,0.215,44.471,-168.837,21.54,20.62,0.46,44.824,-179.272
293,35,M,11.585,11.001,0.292,37.673,-168.474,42.479,41.094,0.693,59.323,-192.329
294,35,M,9.136,8.716,0.21,41.544,-166.656,33.193,32.322,0.436,74.201,-192.109
295,35,M,18.539,18.191,0.174,104.524,-188.983,20.394,19.883,0.255,77.857,-186.215
296,35,F,10.941,9.159,0.891,10.28,-148.522,44.487,43.12,0.683,63.12,-193.812
297,35,F,11.474,11.032,0.221,50.007,-172.324,34.651,33.782,0.435,77.717,-193.327
298,35,F,10.412,9.826,0.293,33.505,-165.373,20.505,20.079,0.213,94.38,-188.938
299,35,F,32.619,31.609,0.505,62.579,-189.515,29.535,28.855,0.34,84.883,-192.392
300,35,F,33.053,32.061,0.496,64.609,-190.136,27.53,27.106,0.212,128.107,-197.092
301,35,F,11.011,9.767,0.622,15.692,-155.08,36.714,35.751,0.482,74.213,-193.469
302,35,F,7.894,7.24,0.327,22.134,-155.681,16.922,16.37,0.276,59.304,-179.933
303,35,F,21.61,20.619,0.495,41.616,-178.272,29.61,28.888,0.361,79.956,-191.602
304,35,F,12.901,12.05,0.425,28.336,-165.866,22.656,22.066,0.295,74.809,-187.08
305,35,F,20.493,20.095,0.199,100.84,-189.84,20.945,20.325,0.31,65.554,-184.195
306,35,F,21.709,21.178,0.265,79.784,-187.394,18.61,18.048,0.281,64.198,-182.314
307,35,F,NA,NA,NA,NA,NA,NA,NA,NA,NA,NA
308,35,F,7.744,7.363,0.19,38.677,-163.421,41.289,40.335,0.477,84.581,-196.854
309,35,F,14.735,14.089,0.323,43.615,-173.776,20.413,19.84,0.287,69.23,-184.605
310,35,F,13.053,12.621,0.216,58.424,-176.23,26.137,25.485,0.326,78.23,-189.621
311,35,F,12.45,11.954,0.248,48.169,-172.901,22.422,21.751,0.335,64.872,-184.968
312,35,F,15.116,14.686,0.215,68.261,-180.365,16.462,15.925,0.268,59.317,-179.565
313,35,F,12.399,10.974,0.713,15.402,-156.398,31.726,30.725,0.501,61.357,-188.868
314,35,F,23.933,21.074,1.429,14.743,-164.594,18.725,17.862,0.432,41.368,-176.258
315,35,F,15.541,14.813,0.364,40.7,-173.52,25.328,24.73,0.299,82.645,-189.955
316,35,F,17.374,16.732,0.321,52.047,-178.47,37.202,35.999,0.601,59.862,-190.669
317,35,F,24.648,23.952,0.348,68.849,-187.066,23.154,22.289,0.432,51.561,-182.205
318,35,F,10.416,9.503,0.456,20.817,-158.517,43.224,42.059,0.582,72.233,-195.292
319,35,F,9.052,8.516,0.268,31.769,-162.732,34.151,33.31,0.42,79.254,-193.401
320,35,F,12.917,12.362,0.277,44.564,-172.305,26.235,25.803,0.216,119.406,-195.481
321,35,F,16.845,16.129,0.358,45.091,-176.045,37.272,36.225,0.524,69.173,-192.699
322,35,F,16.724,15.643,0.54,28.952,-169.668,24.158,23.31,0.424,54.968,-183.669
323,35,F,21.118,20.753,0.182,113.804,-191.903,21.443,20.95,0.247,84.843,-188.075
324,35,F,8.671,8.301,0.185,44.879,-167.038,39.901,38.992,0.455,85.769,-196.585
325,35,F,11.21,10.657,0.277,38.531,-168.349,33.606,32.633,0.486,67.085,-190.881
326,35,F,18.223,17.722,0.25,70.834,-183.393,42.943,41.871,0.536,78.052,-196.275
327,35,F,NA,NA,NA,NA,NA,NA,NA,NA,NA,NA
328,35,F,17.958,17.42,0.269,64.697,-181.941,14.356,13.934,0.211,65.981,-179.2
329,35,F,8.533,7.967,0.283,28.193,-160.227,22.431,21.872,0.28,78.226,-187.562
330,35,F,8.539,8.061,0.239,33.709,-162.789,27.948,27.208,0.37,73.505,-189.663
331,35,F,8.402,7.469,0.466,16.019,-151.747,35.638,34.974,0.332,105.349,-197.89
332,35,F,13.683,13.19,0.247,53.474,-175.632,33.206,32.639,0.283,115.3,-198.175
333,35,F,38.616,35.949,1.333,26.959,-179.91,16.531,16.008,0.262,61.173,-180.05
334,35,F,10.989,9.831,0.579,16.994,-156.242,25.28,24.424,0.428,57.068,-184.802
335,35,F,6.974,6.71,0.132,50.81,-165.844,23.19,22.57,0.31,72.848,-187.026
336,35,F,19.011,18.081,0.465,38.861,-175.58,30.637,29.852,0.392,76.072,-191.374
337,35,F,13.89,13.254,0.318,41.678,-172.342,30.849,30.424,0.212,143.239,-200.15
338,35,F,24.072,23.462,0.305,76.897,-188.277,39.292,38.306,0.493,77.758,-195.026
339,35,F,24.566,23.356,0.605,38.599,-178.936,11.813,11.532,0.14,82.21,-179.614
340,35,F,10.143,9.727,0.208,46.814,-169.741,51.081,49.8,0.64,77.768,-198.561
341,35,F,11.092,10.739,0.176,60.848,-174.603,21.928,21.391,0.269,79.622,-187.501
342,35,F,8.438,7.986,0.226,35.354,-163.305,41.571,40.587,0.492,82.517,-196.605
343,35,F,10.655,9.913,0.371,26.744,-162.459,35.239,34.281,0.479,71.624,-192.425
344,35,F,13.529,13.082,0.223,58.574,-176.748,25.681,24.942,0.369,67.552,-187.356
345,35,F,8.772,8.149,0.312,26.157,-159.521,31.062,30.013,0.525,57.187,-187.605
346,35,F,13.667,13.106,0.281,46.648,-173.707,22.866,22.108,0.379,58.32,-183.753
347,35,F,13.903,13.356,0.274,48.795,-174.568,28.976,27.955,0.51,54.781,-186.07
348,35,F,19.481,17.655,0.913,19.336,-165.862,20.613,20.041,0.286,70.073,-184.903
349,35,F,19.148,18.104,0.522,34.701,-174.074,18.818,18.252,0.283,64.511,-182.531
350,35,F,14.006,12.515,0.745,16.79,-159.329,36.167,34.736,0.715,48.552,-187.369
351,35,F,9.985,9.727,0.129,75.322,-176.144,29.868,29.084,0.392,74.137,-190.676
352,35,F,14.905,14.26,0.322,44.271,-174.14,32.898,31.956,0.471,67.879,-190.757
353,35,F,11.942,11.316,0.313,36.174,-168.307,17.471,17.101,0.185,92.35,-186.484
354,35,F,15.006,14.242,0.382,37.29,-171.812,29.363,28.043,0.66,42.476,-182.687
355,35,F,16.573,15.718,0.427,36.782,-172.955,21.054,20.388,0.333,61.228,-183.318
356,35,F,10.177,9.549,0.314,30.372,-163.667,31.221,30.39,0.416,73.139,-191.085
357,35,F,8.443,8.021,0.211,38.01,-164.34,43.221,42.018,0.601,69.882,-194.834
358,35,F,20.432,18.921,0.755,25.046,-170.278,24.904,24.258,0.323,75.057,-188.4
359,35,F,8.659,8.214,0.223,36.872,-164.25,30.612,30.199,0.207,146.051,-200.311
360,35,F,NA,NA,NA,NA,NA,NA,NA,NA,NA,NA
361,35,F,10.067,9.602,0.232,41.318,-167.885,25.924,24.94,0.492,50.694,-183.489
362,35,F,6.613,6.047,0.283,21.37,-152.784,30.456,29.422,0.517,56.902,-187.27
363,35,F,14.89,13.952,0.469,29.751,-168.494,28.022,27.407,0.307,89.159,-192.361
364,35,F,6.264,5.848,0.208,28.173,-156.055,19.273,18.704,0.285,65.65,-183.096
365,35,F,8.419,7.547,0.436,17.316,-152.935,26.485,25.518,0.484,52.752,-184.333